[{"id":"user-image-stocz.png","publicUrl":"np://user.desktop.nicepage.com/Site_302696591/images/stocz.png","size":25463,"hash":"S8V1ZzDPLSG+bo08J+dtvNHxINo=","fileName":"stocz.png","name":"stocz","width":236,"height":272,"thumbnail":{"url":"np://user.desktop.nicepage.com/Site_302696591/images/thumbnails/stocz.png","width":217,"height":250},"folderId":null,"usages":["product:5","32152374"]},{"id":"user-image-okadka1.jfif","publicUrl":"np://user.desktop.nicepage.com/Site_302696591/images/okadka1.jfif","size":102608,"hash":"iiifNGj/53VAJwTIvEKwQt1qblA=","fileName":"okadka1.jfif","name":"okadka1","width":1364,"height":2048,"thumbnail":{"url":"np://user.desktop.nicepage.com/Site_302696591/images/thumbnails/okadka1.jfif","width":167,"height":250},"folderId":null,"usages":["product:5","32152374"]},{"id":"user-image-1946436.png","publicUrl":"np://user.desktop.nicepage.com/Site_302696591/images/1946436.png","size":1349,"hash":"2OfvW0v24We6gT2ycx5Oeh93a6E=","fileName":"1946436.png","name":"1946436","width":128,"height":128,"thumbnail":{"url":"np://user.desktop.nicepage.com/Site_302696591/images/thumbnails/1946436.png","width":128,"height":128,"length":1349,"type":"png"},"folderId":null,"usages":[]},{"id":"user-image-2838838.png","publicUrl":"np://user.desktop.nicepage.com/Site_302696591/images/2838838.png","size":1848,"hash":"WeObi5Eu6qa5o90dgrSk+sANKlQ=","fileName":"2838838.png","name":"2838838","width":128,"height":128,"thumbnail":{"url":"np://user.desktop.nicepage.com/Site_302696591/images/thumbnails/2838838.png","width":128,"height":128,"length":1848,"type":"png"},"folderId":null,"usages":[]},{"id":"user-image-10259096.png","publicUrl":"np://user.desktop.nicepage.com/Site_302696591/images/10259096.png","size":1871,"hash":"cG0ZpM6nMmH1BFkkQ8uUdMTHnBE=","fileName":"10259096.png","name":"10259096","width":128,"height":128,"thumbnail":{"url":"np://user.desktop.nicepage.com/Site_302696591/images/thumbnails/10259096.png","width":128,"height":128,"length":1871,"type":"png"},"folderId":null,"usages":[]},{"id":"user-image-98755.png","publicUrl":"np://user.desktop.nicepage.com/Site_302696591/images/98755.png","size":2296,"hash":"jqsL+GhFG3zgR+gi64pwMnDjKAk=","fileName":"98755.png","name":"98755","width":128,"height":128,"thumbnail":{"url":"np://user.desktop.nicepage.com/Site_302696591/images/thumbnails/98755.png","width":128,"height":128,"length":2296,"type":"png"},"folderId":null,"usages":[]},{"id":"user-image-4406139.png","publicUrl":"np://user.desktop.nicepage.com/Site_302696591/images/4406139.png","size":1655,"hash":"A8ZxBOeofSOk8rDs8CouwsyOocg=","fileName":"4406139.png","name":"4406139","width":128,"height":128,"thumbnail":{"url":"np://user.desktop.nicepage.com/Site_302696591/images/thumbnails/4406139.png","width":128,"height":128,"length":1655,"type":"png"},"folderId":null,"usages":[]},{"id":"user-image-3932196.png","publicUrl":"np://user.desktop.nicepage.com/Site_302696591/images/3932196.png","size":4010,"hash":"lLPsA6z5FsKGt5SS5M1uj/mTbCM=","fileName":"3932196.png","name":"3932196","width":128,"height":128,"thumbnail":{"url":"np://user.desktop.nicepage.com/Site_302696591/images/thumbnails/3932196.png","width":128,"height":128,"length":4010,"type":"png"},"folderId":null,"usages":[]},{"id":"user-image-5618785.png","publicUrl":"np://user.desktop.nicepage.com/Site_302696591/images/5618785.png","size":4801,"hash":"q0CmXRPqcd/DC01WNQ6xE84z760=","fileName":"5618785.png","name":"5618785","width":128,"height":128,"thumbnail":{"url":"np://user.desktop.nicepage.com/Site_302696591/images/thumbnails/5618785.png","width":128,"height":128,"length":4801,"type":"png"},"folderId":null,"usages":[]},{"id":"user-image-logo5.png","publicUrl":"np://user.desktop.nicepage.com/Site_302696591/images/logo5.png","size":95952,"hash":"GFfNm0k4uc1cza0lVDuo7YEfgd4=","fileName":"logo5.png","name":"logo5","width":653,"height":425,"thumbnail":{"url":"np://user.desktop.nicepage.com/Site_302696591/images/thumbnails/logo5.png","width":250,"height":163},"folderId":null,"usages":[]}]