[{"id":3071728449,"title":"Blog Template","order":1,"templateKey":"blog","customTemplate":false,"customTemplateFilename":null,"pageLinks":[],"dateCreated":"2024-10-29T14:22:10.641Z","dateUpdated":"2024-10-29T14:22:12.265Z","folderId":null,"pageName":"Blog Template","serverPageId":null,"sectionCount":1,"status":2,"backwardUrl":null},{"id":1780609767,"title":"Post Template","order":2,"templateKey":"post","customTemplate":false,"customTemplateFilename":null,"pageLinks":[],"dateCreated":"2024-10-29T14:22:10.765Z","dateUpdated":"2024-10-29T14:22:12.265Z","folderId":null,"pageName":"Post Template","serverPageId":null,"sectionCount":1,"status":2,"backwardUrl":null},{"id":70845381,"title":"Product List Template","order":3,"templateKey":"products","customTemplate":false,"customTemplateFilename":null,"pageLinks":[],"dateCreated":"2024-10-29T14:22:10.952Z","dateUpdated":"2024-10-29T14:22:12.265Z","folderId":null,"pageName":"Product List Template","serverPageId":null,"sectionCount":1,"status":2,"backwardUrl":null},{"id":112529859,"title":"Product Details Template","order":4,"templateKey":"product","customTemplate":false,"customTemplateFilename":null,"pageLinks":[],"dateCreated":"2024-10-29T14:22:11.104Z","dateUpdated":"2024-10-29T14:22:12.266Z","folderId":null,"pageName":"Product Details Template","serverPageId":null,"sectionCount":1,"status":2,"backwardUrl":null},{"id":96107472,"title":"Shopping Cart Template","order":5,"templateKey":"cart","customTemplate":false,"customTemplateFilename":null,"pageLinks":[],"dateCreated":"2024-10-29T14:22:11.231Z","dateUpdated":"2024-10-29T14:22:12.266Z","folderId":null,"pageName":"Shopping Cart Template","serverPageId":null,"sectionCount":1,"status":2,"backwardUrl":null},{"id":827426217,"title":"Checkout Template","order":6,"templateKey":"checkout","customTemplate":false,"customTemplateFilename":null,"pageLinks":[],"dateCreated":"2024-10-29T14:22:11.399Z","dateUpdated":"2024-10-29T14:22:12.266Z","folderId":null,"pageName":"Checkout Template","serverPageId":null,"sectionCount":1,"status":2,"backwardUrl":null},{"id":71259405,"title":"Login Template","order":7,"templateKey":"login","customTemplate":false,"customTemplateFilename":null,"pageLinks":[],"dateCreated":"2024-10-29T14:22:11.499Z","dateUpdated":"2024-10-29T14:22:12.266Z","folderId":null,"pageName":"Login Template","serverPageId":null,"sectionCount":1,"status":2,"backwardUrl":null},{"id":57982,"title":"Search Page Template","order":8,"templateKey":"Search","customTemplate":false,"customTemplateFilename":null,"pageLinks":[],"dateCreated":"2024-10-29T14:22:11.574Z","dateUpdated":"2024-10-29T14:22:12.266Z","folderId":null,"pageName":"Search Page Template","serverPageId":null,"sectionCount":1,"status":2,"backwardUrl":null},{"id":28346373,"title":"Page Password Template","order":9,"templateKey":"password","customTemplate":false,"customTemplateFilename":null,"pageLinks":[],"dateCreated":"2024-10-29T14:22:11.659Z","dateUpdated":"2024-10-29T14:22:12.266Z","folderId":null,"pageName":"Page Password Template","serverPageId":null,"sectionCount":1,"status":2,"backwardUrl":null},{"id":80287374,"title":"404 Not Found Template","order":10,"templateKey":"404","customTemplate":false,"customTemplateFilename":null,"pageLinks":[],"dateCreated":"2024-10-29T14:22:11.727Z","dateUpdated":"2024-10-29T14:22:12.266Z","folderId":null,"pageName":"404 Not Found Template","serverPageId":null,"sectionCount":1,"status":2,"backwardUrl":null},{"id":209710265,"title":"Thank You Page Template","order":11,"templateKey":"ThankYou","customTemplate":false,"customTemplateFilename":null,"pageLinks":[],"dateCreated":"2024-10-29T14:22:11.787Z","dateUpdated":"2024-10-29T14:22:12.266Z","folderId":null,"pageName":"Thank You Page Template","serverPageId":null,"sectionCount":1,"status":2,"backwardUrl":null},{"id":32152374,"title":"Strona główna","order":50,"templateKey":null,"customTemplate":false,"customTemplateFilename":null,"pageLinks":[],"dateCreated":"2024-10-29T14:22:15.614Z","dateUpdated":"2024-10-29T15:56:48.962Z","folderId":null,"pageName":"Strona główna_32152374","serverPageId":null,"sectionCount":1,"status":2,"backwardUrl":null},{"id":1763820576,"title":"O nas","order":100,"templateKey":null,"customTemplate":false,"customTemplateFilename":null,"pageLinks":[],"dateCreated":"2024-10-29T14:22:11.831Z","dateUpdated":"2024-10-29T14:22:12.266Z","folderId":null,"pageName":"O nas_1763820576","serverPageId":null,"sectionCount":1,"status":2,"backwardUrl":null},{"id":21668716,"title":"Kontakt","order":101,"templateKey":null,"customTemplate":false,"customTemplateFilename":null,"pageLinks":[],"dateCreated":"2024-10-29T14:22:11.868Z","dateUpdated":"2024-10-29T14:22:12.266Z","folderId":null,"pageName":"Kontakt_21668716","serverPageId":null,"sectionCount":1,"status":2,"backwardUrl":null}]