{"products":[{"id":"5","name":"kamienie-w-istnienie---mateusz-melrose","title":"KAMIENIE W ISTNIENIE - Mateusz Melrose","description":"Wierszozbiór","fullDescription":"opis książki i zacheta do zaplaty","price":"29.99","oldPrice":"","quantity":1,"currency":"PLN","sku":"","outOfStock":false,"isFeatured":false,"categories":[],"images":[{"url":"np://user.desktop.nicepage.com/Site_302696591/images/okadka1.jfif"},{"url":"np://user.desktop.nicepage.com/Site_302696591/images/stocz.png"}],"created":1730211732817,"updated":1730216442552,"isDefault":true}],"categories":[{"id":"1","title":"Clothes","categoryId":null,"created":1730211732816,"updated":1730211732816},{"id":"2","title":"Shoes","categoryId":null,"created":1730211732816,"updated":1730211732816},{"id":"3","title":"Accessories","categoryId":null,"created":1730211732816,"updated":1730211732816}]}