<?xml version="1.0" encoding="UTF-8"?>
<!--
 This is a WordPress eXtended RSS file generated by WordPress as an export of your site.
 It contains information about your site's posts, pages, comments, categories, and other content.
 You may use this file to transfer that content from one site to another.
 This file is not intended to serve as a complete backup of your site.

 To import this information into a WordPress site follow these steps:
 1. Log in to that site as an administrator.
 2. Go to Tools: Import in the WordPress admin panel.
 3. Install the "WordPress" importer from the list.
 4. Activate & Run Importer.
 5. Upload this file using the form provided on that page.
 6. You will first be asked to map the authors in this export file to users
    on the site. For each author, you may choose to map to an
    existing user on the site or to create a new user.
 7. WordPress will then import each of the posts, pages, comments, categories, etc.
    contained in this file into your site.
-->
<!-- generator="WordPress.com" created="2025-01-01 14:18"-->
<rss version="2.0" xmlns:excerpt="http://wordpress.org/export/1.2/excerpt/" xmlns:content="http://purl.org/rss/1.0/modules/content/" xmlns:wfw="http://wellformedweb.org/CommentAPI/" xmlns:dc="http://purl.org/dc/elements/1.1/" xmlns:wp="http://wordpress.org/export/1.2/">
  <channel>
<title>Site Title</title>
<link>https://ecom-freely-dark-taco.wordpress.com</link>
<description/>
<pubDate>Wed, 01 Jan 2025 14:18:31 +0000</pubDate>
<language>pl-PL</language>
<wp:wxr_version>1.2</wp:wxr_version>
<wp:base_site_url>http://wordpress.com/</wp:base_site_url>
<wp:base_blog_url>https://ecom-freely-dark-taco.wordpress.com</wp:base_blog_url>
<wp:author>
  <wp:author_id>227191068</wp:author_id>
  <wp:author_login>mefirstrose</wp:author_login>
  <wp:author_email>mefirstrose@gmail.com</wp:author_email>
  <wp:author_display_name><![CDATA[Me Lrose]]></wp:author_display_name>
  <wp:author_first_name><![CDATA[Me]]></wp:author_first_name>
  <wp:author_last_name><![CDATA[Lrose]]></wp:author_last_name>
</wp:author>
<wp:category>
  <wp:term_id>1</wp:term_id>
  <wp:category_nicename>uncategorized</wp:category_nicename>
  <wp:category_parent/>
  <wp:cat_name><![CDATA[Uncategorized]]></wp:cat_name>
</wp:category>
<generator>http://wordpress.com/</generator>
<image>
		<url>http://s0.wp.com/i/buttonw-com.png</url>
		<title>Site Title</title>
		<link>https://ecom-freely-dark-taco.wordpress.com</link>
	</image>
	<item>
  <title><![CDATA[About]]></title>
  <link>https://ecom-freely-dark-taco.wordpress.com/about/</link>
  <pubDate>Thu, 31 Oct 2024 00:58:54 +0000</pubDate>
  <dc:creator>mefirstrose</dc:creator>
  <guid isPermaLink="false">http://ecom-freely-dark-taco.wordpress.com/?page_id=1</guid>
  <description/>
  <content:encoded><![CDATA[<!-- wp:paragraph -->
<p>This is an example of a page. Unlike posts, which are displayed on your blog’s front page in the order they’re published, pages are better suited for more timeless content that you want to be easily accessible, like your About or Contact information. Click the Edit link to make changes to this page or <a title="Direct link to Add New Page in your Dashboard" href="https://wordpress.com/page/238552801/new/">add another page</a>.</p>
<!-- /wp:paragraph -->]]></content:encoded>
  <excerpt:encoded><![CDATA[]]></excerpt:encoded>
  <wp:post_id>1</wp:post_id>
  <wp:post_date>2024-10-31 00:58:54</wp:post_date>
  <wp:post_date_gmt>2024-10-31 00:58:54</wp:post_date_gmt>
  <wp:post_modified>2024-10-31 00:58:54</wp:post_modified>
  <wp:post_modified_gmt>2024-10-31 00:58:54</wp:post_modified_gmt>
  <wp:comment_status>closed</wp:comment_status>
  <wp:ping_status>open</wp:ping_status>
  <wp:post_name>about</wp:post_name>
  <wp:status>publish</wp:status>
  <wp:post_parent>0</wp:post_parent>
  <wp:menu_order>0</wp:menu_order>
  <wp:post_type>page</wp:post_type>
  <wp:post_password/>
  <wp:is_sticky>0</wp:is_sticky>
  <wp:postmeta>
    <wp:meta_key>_wp_page_template</wp:meta_key>
    <wp:meta_value><![CDATA[default]]></wp:meta_value>
  </wp:postmeta>
  <wp:postmeta>
    <wp:meta_key>_elasticsearch_data_sharing_indexed_on</wp:meta_key>
    <wp:meta_value><![CDATA[2024-10-31 00:59:03]]></wp:meta_value>
  </wp:postmeta>
</item>
<item>
  <title><![CDATA[Behind the Product: Fedora Hat]]></title>
  <link>https://ecom-freely-dark-taco.wordpress.com/2024/10/31/behind-the-product-fedora-hat/</link>
  <pubDate>Thu, 31 Oct 2024 00:53:56 +0000</pubDate>
  <dc:creator>mefirstrose</dc:creator>
  <guid isPermaLink="false">https://ecom-freely-dark-taco.wordpress.com/2024/10/31/behind-the-product-fedora-hat/</guid>
  <description/>
  <content:encoded><![CDATA[<!-- wp:paragraph -->
<p>Lorem ipsum dolor sit amet, consectetur adipiscing elit. Mauris vehicula nunc id dui aliquam, sed finibus lorem varius. Aliquam vitae eros arcu. Donec elit est, ultrices quis massa ut, laoreet iaculis lacus. Aliquam blandit fringilla nisl, vel ultricies neque congue eget. Mauris maximus magna posuere ex volutpat tincidunt. Nam justo leo, accumsan ut odio vel, lacinia tempus lacus. Sed malesuada nunc a felis feugiat, at cursus ante ornare. Curabitur ut urna porttitor, vehicula sapien at, pellentesque nibh. Donec tincidunt risus sit amet tortor porta fermentum. Phasellus quam tortor, tristique sed urna in, dictum viverra justo. Nam convallis aliquam augue. Vivamus consectetur dapibus nulla eget dignissim. Aliquam tempus, nibh vel ultrices consequat, tellus justo bibendum diam, maximus facilisis neque elit vitae neque. Mauris eget sapien sit amet nunc condimentum mollis. In iaculis tellus in elit scelerisque, at porta elit fringilla. Suspendisse lacinia dolor a sodales posuere.</p>
<!-- /wp:paragraph -->

<!-- wp:spacer {"height":"50px"} -->
<div style="height:50px" aria-hidden="true" class="wp-block-spacer"></div>
<!-- /wp:spacer -->

<!-- wp:columns {"align":"wide"} -->
<div class="wp-block-columns alignwide"><!-- wp:column -->
<div class="wp-block-column"><!-- wp:spacer -->
<div style="height:100px" aria-hidden="true" class="wp-block-spacer"></div>
<!-- /wp:spacer -->

<!-- wp:image {"id":95,"sizeSlug":"large","linkDestination":"none"} -->
<figure class="wp-block-image size-large"><img src="https://tsubakidemo.wpcomstaging.com/wp-content/uploads/2022/09/christina-moroz-eq_1nAV_xRY-unsplash-683x1024.jpg" alt="" class="wp-image-95" /></figure>
<!-- /wp:image --></div>
<!-- /wp:column -->

<!-- wp:column -->
<div class="wp-block-column"><!-- wp:image {"id":96,"sizeSlug":"large","linkDestination":"none"} -->
<figure class="wp-block-image size-large"><img src="https://tsubakidemo.wpcomstaging.com/wp-content/uploads/2022/09/christina-moroz-HcIRxWd9K6c-unsplash-683x1024.jpg" alt="" class="wp-image-96" /></figure>
<!-- /wp:image --></div>
<!-- /wp:column --></div>
<!-- /wp:columns -->

<!-- wp:spacer {"height":"50px"} -->
<div style="height:50px" aria-hidden="true" class="wp-block-spacer"></div>
<!-- /wp:spacer -->

<!-- wp:paragraph -->
<p>Lorem ipsum dolor sit amet, consectetur adipiscing elit. Mauris vehicula nunc id dui aliquam, sed finibus lorem varius. Aliquam vitae eros arcu. Donec elit est, ultrices quis massa ut, laoreet iaculis lacus. Aliquam blandit fringilla nisl, vel ultricies neque congue eget. Mauris maximus magna posuere ex volutpat tincidunt. Nam justo leo, accumsan ut odio vel, lacinia tempus lacus. Sed malesuada nunc a felis feugiat, at cursus ante ornare. Curabitur ut urna porttitor, vehicula sapien at, pellentesque nibh. Donec tincidunt risus sit amet tortor porta fermentum. Phasellus quam tortor, tristique sed urna in, dictum viverra justo. Nam convallis aliquam augue. Vivamus consectetur dapibus nulla eget dignissim. Aliquam tempus, nibh vel ultrices consequat, tellus justo bibendum diam, maximus facilisis neque elit vitae neque. Mauris eget sapien sit amet nunc condimentum mollis. In iaculis tellus in elit scelerisque, at porta elit fringilla. Suspendisse lacinia dolor a sodales posuere.</p>
<!-- /wp:paragraph -->]]></content:encoded>
  <excerpt:encoded><![CDATA[]]></excerpt:encoded>
  <wp:post_id>8</wp:post_id>
  <wp:post_date>2024-10-31 01:53:56</wp:post_date>
  <wp:post_date_gmt>2024-10-31 00:53:56</wp:post_date_gmt>
  <wp:post_modified>2024-10-31 01:53:56</wp:post_modified>
  <wp:post_modified_gmt>2024-10-31 00:53:56</wp:post_modified_gmt>
  <wp:comment_status>closed</wp:comment_status>
  <wp:ping_status>closed</wp:ping_status>
  <wp:post_name>behind-the-product-fedora-hat</wp:post_name>
  <wp:status>publish</wp:status>
  <wp:post_parent>0</wp:post_parent>
  <wp:menu_order>0</wp:menu_order>
  <wp:post_type>post</wp:post_type>
  <wp:post_password/>
  <wp:is_sticky>0</wp:is_sticky>
  <category domain="category" nicename="uncategorized"><![CDATA[Uncategorized]]></category>
  <wp:postmeta>
    <wp:meta_key>_headstart_post</wp:meta_key>
    <wp:meta_value><![CDATA[_hs_extra]]></wp:meta_value>
  </wp:postmeta>
  <wp:postmeta>
    <wp:meta_key>sharing_disabled</wp:meta_key>
    <wp:meta_value><![CDATA[a:1:{i:0;N;}]]></wp:meta_value>
  </wp:postmeta>
  <wp:postmeta>
    <wp:meta_key>switch_like_status</wp:meta_key>
    <wp:meta_value><![CDATA[a:1:{i:0;N;}]]></wp:meta_value>
  </wp:postmeta>
  <wp:postmeta>
    <wp:meta_key>_starter_page_template</wp:meta_key>
    <wp:meta_value><![CDATA[]]></wp:meta_value>
  </wp:postmeta>
  <wp:postmeta>
    <wp:meta_key>_hs_old_id</wp:meta_key>
    <wp:meta_value><![CDATA[92]]></wp:meta_value>
  </wp:postmeta>
  <wp:postmeta>
    <wp:meta_key>_wpas_skip_all_services</wp:meta_key>
    <wp:meta_value><![CDATA[1]]></wp:meta_value>
  </wp:postmeta>
  <wp:postmeta>
    <wp:meta_key>_publicize_pending</wp:meta_key>
    <wp:meta_value><![CDATA[1]]></wp:meta_value>
  </wp:postmeta>
  <wp:postmeta>
    <wp:meta_key>_elasticsearch_data_sharing_indexed_on</wp:meta_key>
    <wp:meta_value><![CDATA[2024-10-31 00:58:59]]></wp:meta_value>
  </wp:postmeta>
</item>
<item>
  <title><![CDATA[FAQ]]></title>
  <link>https://ecom-freely-dark-taco.wordpress.com/faq/</link>
  <pubDate>Thu, 31 Oct 2024 00:53:55 +0000</pubDate>
  <dc:creator>mefirstrose</dc:creator>
  <guid isPermaLink="false">https://ecom-freely-dark-taco.wordpress.com/faq/</guid>
  <description/>
  <content:encoded><![CDATA[<!-- wp:paragraph -->
<p><b>This is a sample page.</b></p>
<!-- /wp:paragraph -->

<!-- wp:quote -->
<blockquote class="wp-block-quote"><!-- wp:paragraph -->
<p>Lorem ipsum dolor sit amet, consectetur adipiscing elit. Mauris vehicula nunc id dui aliquam, sed finibus lorem varius?</p>
<!-- /wp:paragraph --></blockquote>
<!-- /wp:quote -->

<!-- wp:paragraph -->
<p>Aliquam vitae eros arcu. Donec elit est, ultrices quis massa ut, laoreet iaculis lacus. Aliquam blandit fringilla nisl, vel ultricies neque congue eget.</p>
<!-- /wp:paragraph -->

<!-- wp:quote -->
<blockquote class="wp-block-quote"><!-- wp:paragraph -->
<p>Mauris maximus magna posuere ex volutpat tincidunt. Nam justo leo, accumsan ut odio vel, lacinia tempus lacus? </p>
<!-- /wp:paragraph --></blockquote>
<!-- /wp:quote -->

<!-- wp:paragraph -->
<p>Aliquam blandit fringilla nisl, vel ultricies neque congue eget. Mauris maximus magna posuere ex volutpat tincidunt. </p>
<!-- /wp:paragraph -->

<!-- wp:quote -->
<blockquote class="wp-block-quote"><!-- wp:paragraph -->
<p>Nam justo leo, accumsan ut odio vel, lacinia tempus lacus. Sed malesuada nunc a felis feugiat, at cursus ante ornare? </p>
<!-- /wp:paragraph --></blockquote>
<!-- /wp:quote -->

<!-- wp:paragraph -->
<p>Curabitur ut urna porttitor, vehicula sapien at, pellentesque nibh. Donec tincidunt risus sit amet tortor porta fermentum. </p>
<!-- /wp:paragraph -->]]></content:encoded>
  <excerpt:encoded><![CDATA[]]></excerpt:encoded>
  <wp:post_id>9</wp:post_id>
  <wp:post_date>2024-10-31 01:53:55</wp:post_date>
  <wp:post_date_gmt>2024-10-31 00:53:55</wp:post_date_gmt>
  <wp:post_modified>2024-10-31 01:53:55</wp:post_modified>
  <wp:post_modified_gmt>2024-10-31 00:53:55</wp:post_modified_gmt>
  <wp:comment_status>closed</wp:comment_status>
  <wp:ping_status>closed</wp:ping_status>
  <wp:post_name>faq</wp:post_name>
  <wp:status>publish</wp:status>
  <wp:post_parent>0</wp:post_parent>
  <wp:menu_order>0</wp:menu_order>
  <wp:post_type>page</wp:post_type>
  <wp:post_password/>
  <wp:is_sticky>0</wp:is_sticky>
  <wp:postmeta>
    <wp:meta_key>_headstart_post</wp:meta_key>
    <wp:meta_value><![CDATA[_hs_extra]]></wp:meta_value>
  </wp:postmeta>
  <wp:postmeta>
    <wp:meta_key>sharing_disabled</wp:meta_key>
    <wp:meta_value><![CDATA[a:1:{i:0;N;}]]></wp:meta_value>
  </wp:postmeta>
  <wp:postmeta>
    <wp:meta_key>switch_like_status</wp:meta_key>
    <wp:meta_value><![CDATA[a:1:{i:0;N;}]]></wp:meta_value>
  </wp:postmeta>
  <wp:postmeta>
    <wp:meta_key>_starter_page_template</wp:meta_key>
    <wp:meta_value><![CDATA[]]></wp:meta_value>
  </wp:postmeta>
  <wp:postmeta>
    <wp:meta_key>_hs_old_id</wp:meta_key>
    <wp:meta_value><![CDATA[26]]></wp:meta_value>
  </wp:postmeta>
  <wp:postmeta>
    <wp:meta_key>_wpas_skip_all_services</wp:meta_key>
    <wp:meta_value><![CDATA[1]]></wp:meta_value>
  </wp:postmeta>
  <wp:postmeta>
    <wp:meta_key>_publicize_pending</wp:meta_key>
    <wp:meta_value><![CDATA[1]]></wp:meta_value>
  </wp:postmeta>
  <wp:postmeta>
    <wp:meta_key>_checklist_post_type</wp:meta_key>
    <wp:meta_value><![CDATA[_hs_extra]]></wp:meta_value>
  </wp:postmeta>
  <wp:postmeta>
    <wp:meta_key>_elasticsearch_data_sharing_indexed_on</wp:meta_key>
    <wp:meta_value><![CDATA[2024-10-31 00:58:59]]></wp:meta_value>
  </wp:postmeta>
</item>
<item>
  <title><![CDATA[Contact us]]></title>
  <link>https://ecom-freely-dark-taco.wordpress.com/contact-us/</link>
  <pubDate>Thu, 31 Oct 2024 00:53:54 +0000</pubDate>
  <dc:creator>mefirstrose</dc:creator>
  <guid isPermaLink="false">https://ecom-freely-dark-taco.wordpress.com/contact-us/</guid>
  <description/>
  <content:encoded><![CDATA[<!-- wp:paragraph -->
<p><b>This is a sample page.</b></p>
<!-- /wp:paragraph -->

<!-- wp:paragraph -->
<p>Have a question or comment? Enter your details, and we’ll be happy to get back to you.</p>
<!-- /wp:paragraph -->

<!-- wp:jetpack/contact-form {"subject":"[Tsubaki] Contact us","to":"themeshaperwp+demos@gmail.com"} -->
<div class="wp-block-jetpack-contact-form"><!-- wp:jetpack/field-name {"required":true,"width":50} /-->

<!-- wp:jetpack/field-email {"required":true,"width":50} /-->

<!-- wp:jetpack/field-telephone /-->

<!-- wp:jetpack/field-textarea {"required":true} /-->

<!-- wp:jetpack/button {"element":"button","text":"Send","lock":{"remove":true}} /--></div>
<!-- /wp:jetpack/contact-form -->]]></content:encoded>
  <excerpt:encoded><![CDATA[]]></excerpt:encoded>
  <wp:post_id>10</wp:post_id>
  <wp:post_date>2024-10-31 01:53:54</wp:post_date>
  <wp:post_date_gmt>2024-10-31 00:53:54</wp:post_date_gmt>
  <wp:post_modified>2024-10-31 01:53:54</wp:post_modified>
  <wp:post_modified_gmt>2024-10-31 00:53:54</wp:post_modified_gmt>
  <wp:comment_status>closed</wp:comment_status>
  <wp:ping_status>closed</wp:ping_status>
  <wp:post_name>contact-us</wp:post_name>
  <wp:status>publish</wp:status>
  <wp:post_parent>0</wp:post_parent>
  <wp:menu_order>0</wp:menu_order>
  <wp:post_type>page</wp:post_type>
  <wp:post_password/>
  <wp:is_sticky>0</wp:is_sticky>
  <wp:postmeta>
    <wp:meta_key>_headstart_post</wp:meta_key>
    <wp:meta_value><![CDATA[_hs_extra]]></wp:meta_value>
  </wp:postmeta>
  <wp:postmeta>
    <wp:meta_key>sharing_disabled</wp:meta_key>
    <wp:meta_value><![CDATA[a:1:{i:0;N;}]]></wp:meta_value>
  </wp:postmeta>
  <wp:postmeta>
    <wp:meta_key>switch_like_status</wp:meta_key>
    <wp:meta_value><![CDATA[a:1:{i:0;N;}]]></wp:meta_value>
  </wp:postmeta>
  <wp:postmeta>
    <wp:meta_key>_starter_page_template</wp:meta_key>
    <wp:meta_value><![CDATA[]]></wp:meta_value>
  </wp:postmeta>
  <wp:postmeta>
    <wp:meta_key>_hs_old_id</wp:meta_key>
    <wp:meta_value><![CDATA[25]]></wp:meta_value>
  </wp:postmeta>
  <wp:postmeta>
    <wp:meta_key>_wpas_skip_all_services</wp:meta_key>
    <wp:meta_value><![CDATA[1]]></wp:meta_value>
  </wp:postmeta>
  <wp:postmeta>
    <wp:meta_key>_publicize_pending</wp:meta_key>
    <wp:meta_value><![CDATA[1]]></wp:meta_value>
  </wp:postmeta>
  <wp:postmeta>
    <wp:meta_key>_checklist_post_type</wp:meta_key>
    <wp:meta_value><![CDATA[_hs_extra]]></wp:meta_value>
  </wp:postmeta>
  <wp:postmeta>
    <wp:meta_key>_g_feedback_shortcode_de59b5c6636e27268340647b30883b15c73d185f</wp:meta_key>
    <wp:meta_value><![CDATA[
<div class="wp-block-jetpack-contact-form">[contact-field required="1" width="50" type="name" label="Name"/]

[contact-field required="1" width="50" type="email" label="Email"/]

[contact-field type="telephone" label="Phone"/]

[contact-field required="1" type="textarea" label="Message"/]

<div class="wp-block-jetpack-button wp-block-button" style=""><button class="wp-block-button__link" style="" data-id-attr="placeholder" type="submit">Send</button></div></div>
]]></wp:meta_value>
  </wp:postmeta>
  <wp:postmeta>
    <wp:meta_key>_g_feedback_shortcode_atts_de59b5c6636e27268340647b30883b15c73d185f</wp:meta_key>
    <wp:meta_value><![CDATA[a:17:{s:2:"to";s:29:"themeshaperwp+demos@gmail.com";s:7:"subject";s:20:"[Tsubaki] Contact us";s:12:"show_subject";s:2:"no";s:6:"widget";i:0;s:14:"block_template";N;s:19:"block_template_part";N;s:2:"id";i:10;s:18:"submit_button_text";s:6:"Submit";s:14:"customThankyou";s:0:"";s:21:"customThankyouHeading";s:26:"Your message has been sent";s:21:"customThankyouMessage";s:30:"Thank you for your submission!";s:22:"customThankyouRedirect";s:0:"";s:10:"jetpackCRM";b:1;s:9:"className";N;s:9:"postToUrl";N;s:14:"salesforceData";N;s:12:"hiddenFields";N;}]]></wp:meta_value>
  </wp:postmeta>
  <wp:postmeta>
    <wp:meta_key>_elasticsearch_data_sharing_indexed_on</wp:meta_key>
    <wp:meta_value><![CDATA[2024-10-31 00:59:00]]></wp:meta_value>
  </wp:postmeta>
</item>
<item>
  <title><![CDATA[Shop]]></title>
  <link>https://ecom-freely-dark-taco.wordpress.com/shop/</link>
  <pubDate>Thu, 31 Oct 2024 00:53:53 +0000</pubDate>
  <dc:creator>mefirstrose</dc:creator>
  <guid isPermaLink="false">https://ecom-freely-dark-taco.wordpress.com/shop/</guid>
  <description/>
  <content:encoded><![CDATA[]]></content:encoded>
  <excerpt:encoded><![CDATA[]]></excerpt:encoded>
  <wp:post_id>11</wp:post_id>
  <wp:post_date>2024-10-31 01:53:53</wp:post_date>
  <wp:post_date_gmt>2024-10-31 00:53:53</wp:post_date_gmt>
  <wp:post_modified>2024-10-31 01:53:53</wp:post_modified>
  <wp:post_modified_gmt>2024-10-31 00:53:53</wp:post_modified_gmt>
  <wp:comment_status>closed</wp:comment_status>
  <wp:ping_status>closed</wp:ping_status>
  <wp:post_name>shop</wp:post_name>
  <wp:status>publish</wp:status>
  <wp:post_parent>0</wp:post_parent>
  <wp:menu_order>0</wp:menu_order>
  <wp:post_type>page</wp:post_type>
  <wp:post_password/>
  <wp:is_sticky>0</wp:is_sticky>
  <wp:postmeta>
    <wp:meta_key>_headstart_post</wp:meta_key>
    <wp:meta_value><![CDATA[_hs_extra]]></wp:meta_value>
  </wp:postmeta>
  <wp:postmeta>
    <wp:meta_key>sharing_disabled</wp:meta_key>
    <wp:meta_value><![CDATA[a:1:{i:0;N;}]]></wp:meta_value>
  </wp:postmeta>
  <wp:postmeta>
    <wp:meta_key>switch_like_status</wp:meta_key>
    <wp:meta_value><![CDATA[a:1:{i:0;N;}]]></wp:meta_value>
  </wp:postmeta>
  <wp:postmeta>
    <wp:meta_key>_starter_page_template</wp:meta_key>
    <wp:meta_value><![CDATA[]]></wp:meta_value>
  </wp:postmeta>
  <wp:postmeta>
    <wp:meta_key>_hs_old_id</wp:meta_key>
    <wp:meta_value><![CDATA[20]]></wp:meta_value>
  </wp:postmeta>
  <wp:postmeta>
    <wp:meta_key>_wpas_skip_all_services</wp:meta_key>
    <wp:meta_value><![CDATA[1]]></wp:meta_value>
  </wp:postmeta>
  <wp:postmeta>
    <wp:meta_key>_publicize_pending</wp:meta_key>
    <wp:meta_value><![CDATA[1]]></wp:meta_value>
  </wp:postmeta>
  <wp:postmeta>
    <wp:meta_key>_checklist_post_type</wp:meta_key>
    <wp:meta_value><![CDATA[_hs_extra]]></wp:meta_value>
  </wp:postmeta>
  <wp:postmeta>
    <wp:meta_key>_elasticsearch_data_sharing_indexed_on</wp:meta_key>
    <wp:meta_value><![CDATA[2024-10-31 00:59:00]]></wp:meta_value>
  </wp:postmeta>
</item>
<item>
  <title><![CDATA[Cart]]></title>
  <link>https://ecom-freely-dark-taco.wordpress.com/cart/</link>
  <pubDate>Thu, 31 Oct 2024 00:53:52 +0000</pubDate>
  <dc:creator>mefirstrose</dc:creator>
  <guid isPermaLink="false">https://ecom-freely-dark-taco.wordpress.com/cart/</guid>
  <description/>
  <content:encoded><![CDATA[<!-- wp:shortcode -->[woocommerce_cart]<!-- /wp:shortcode -->]]></content:encoded>
  <excerpt:encoded><![CDATA[]]></excerpt:encoded>
  <wp:post_id>12</wp:post_id>
  <wp:post_date>2024-10-31 01:53:52</wp:post_date>
  <wp:post_date_gmt>2024-10-31 00:53:52</wp:post_date_gmt>
  <wp:post_modified>2024-10-31 01:53:52</wp:post_modified>
  <wp:post_modified_gmt>2024-10-31 00:53:52</wp:post_modified_gmt>
  <wp:comment_status>closed</wp:comment_status>
  <wp:ping_status>closed</wp:ping_status>
  <wp:post_name>cart</wp:post_name>
  <wp:status>publish</wp:status>
  <wp:post_parent>0</wp:post_parent>
  <wp:menu_order>0</wp:menu_order>
  <wp:post_type>page</wp:post_type>
  <wp:post_password/>
  <wp:is_sticky>0</wp:is_sticky>
  <wp:postmeta>
    <wp:meta_key>_headstart_post</wp:meta_key>
    <wp:meta_value><![CDATA[_hs_extra]]></wp:meta_value>
  </wp:postmeta>
  <wp:postmeta>
    <wp:meta_key>sharing_disabled</wp:meta_key>
    <wp:meta_value><![CDATA[a:1:{i:0;N;}]]></wp:meta_value>
  </wp:postmeta>
  <wp:postmeta>
    <wp:meta_key>switch_like_status</wp:meta_key>
    <wp:meta_value><![CDATA[a:1:{i:0;N;}]]></wp:meta_value>
  </wp:postmeta>
  <wp:postmeta>
    <wp:meta_key>_starter_page_template</wp:meta_key>
    <wp:meta_value><![CDATA[]]></wp:meta_value>
  </wp:postmeta>
  <wp:postmeta>
    <wp:meta_key>_hs_old_id</wp:meta_key>
    <wp:meta_value><![CDATA[21]]></wp:meta_value>
  </wp:postmeta>
  <wp:postmeta>
    <wp:meta_key>_wpas_skip_all_services</wp:meta_key>
    <wp:meta_value><![CDATA[1]]></wp:meta_value>
  </wp:postmeta>
  <wp:postmeta>
    <wp:meta_key>_publicize_pending</wp:meta_key>
    <wp:meta_value><![CDATA[1]]></wp:meta_value>
  </wp:postmeta>
  <wp:postmeta>
    <wp:meta_key>_checklist_post_type</wp:meta_key>
    <wp:meta_value><![CDATA[_hs_extra]]></wp:meta_value>
  </wp:postmeta>
  <wp:postmeta>
    <wp:meta_key>_elasticsearch_data_sharing_indexed_on</wp:meta_key>
    <wp:meta_value><![CDATA[2024-10-31 00:59:00]]></wp:meta_value>
  </wp:postmeta>
</item>
<item>
  <title><![CDATA[Checkout]]></title>
  <link>https://ecom-freely-dark-taco.wordpress.com/checkout/</link>
  <pubDate>Thu, 31 Oct 2024 00:53:51 +0000</pubDate>
  <dc:creator>mefirstrose</dc:creator>
  <guid isPermaLink="false">https://ecom-freely-dark-taco.wordpress.com/checkout/</guid>
  <description/>
  <content:encoded><![CDATA[<!-- wp:shortcode -->[woocommerce_checkout]<!-- /wp:shortcode -->]]></content:encoded>
  <excerpt:encoded><![CDATA[]]></excerpt:encoded>
  <wp:post_id>13</wp:post_id>
  <wp:post_date>2024-10-31 01:53:51</wp:post_date>
  <wp:post_date_gmt>2024-10-31 00:53:51</wp:post_date_gmt>
  <wp:post_modified>2024-10-31 01:53:51</wp:post_modified>
  <wp:post_modified_gmt>2024-10-31 00:53:51</wp:post_modified_gmt>
  <wp:comment_status>closed</wp:comment_status>
  <wp:ping_status>closed</wp:ping_status>
  <wp:post_name>checkout</wp:post_name>
  <wp:status>publish</wp:status>
  <wp:post_parent>0</wp:post_parent>
  <wp:menu_order>0</wp:menu_order>
  <wp:post_type>page</wp:post_type>
  <wp:post_password/>
  <wp:is_sticky>0</wp:is_sticky>
  <wp:postmeta>
    <wp:meta_key>_headstart_post</wp:meta_key>
    <wp:meta_value><![CDATA[_hs_extra]]></wp:meta_value>
  </wp:postmeta>
  <wp:postmeta>
    <wp:meta_key>sharing_disabled</wp:meta_key>
    <wp:meta_value><![CDATA[a:1:{i:0;N;}]]></wp:meta_value>
  </wp:postmeta>
  <wp:postmeta>
    <wp:meta_key>switch_like_status</wp:meta_key>
    <wp:meta_value><![CDATA[a:1:{i:0;N;}]]></wp:meta_value>
  </wp:postmeta>
  <wp:postmeta>
    <wp:meta_key>_starter_page_template</wp:meta_key>
    <wp:meta_value><![CDATA[]]></wp:meta_value>
  </wp:postmeta>
  <wp:postmeta>
    <wp:meta_key>_hs_old_id</wp:meta_key>
    <wp:meta_value><![CDATA[22]]></wp:meta_value>
  </wp:postmeta>
  <wp:postmeta>
    <wp:meta_key>_wpas_skip_all_services</wp:meta_key>
    <wp:meta_value><![CDATA[1]]></wp:meta_value>
  </wp:postmeta>
  <wp:postmeta>
    <wp:meta_key>_publicize_pending</wp:meta_key>
    <wp:meta_value><![CDATA[1]]></wp:meta_value>
  </wp:postmeta>
  <wp:postmeta>
    <wp:meta_key>_checklist_post_type</wp:meta_key>
    <wp:meta_value><![CDATA[_hs_extra]]></wp:meta_value>
  </wp:postmeta>
  <wp:postmeta>
    <wp:meta_key>_elasticsearch_data_sharing_indexed_on</wp:meta_key>
    <wp:meta_value><![CDATA[2024-10-31 00:59:00]]></wp:meta_value>
  </wp:postmeta>
</item>
<item>
  <title><![CDATA[My account]]></title>
  <link>https://ecom-freely-dark-taco.wordpress.com/my-account/</link>
  <pubDate>Thu, 31 Oct 2024 00:53:50 +0000</pubDate>
  <dc:creator>mefirstrose</dc:creator>
  <guid isPermaLink="false">https://ecom-freely-dark-taco.wordpress.com/my-account/</guid>
  <description/>
  <content:encoded><![CDATA[<!-- wp:shortcode -->[woocommerce_my_account]<!-- /wp:shortcode -->]]></content:encoded>
  <excerpt:encoded><![CDATA[]]></excerpt:encoded>
  <wp:post_id>14</wp:post_id>
  <wp:post_date>2024-10-31 01:53:50</wp:post_date>
  <wp:post_date_gmt>2024-10-31 00:53:50</wp:post_date_gmt>
  <wp:post_modified>2024-10-31 01:53:50</wp:post_modified>
  <wp:post_modified_gmt>2024-10-31 00:53:50</wp:post_modified_gmt>
  <wp:comment_status>closed</wp:comment_status>
  <wp:ping_status>closed</wp:ping_status>
  <wp:post_name>my-account</wp:post_name>
  <wp:status>publish</wp:status>
  <wp:post_parent>0</wp:post_parent>
  <wp:menu_order>0</wp:menu_order>
  <wp:post_type>page</wp:post_type>
  <wp:post_password/>
  <wp:is_sticky>0</wp:is_sticky>
  <wp:postmeta>
    <wp:meta_key>_headstart_post</wp:meta_key>
    <wp:meta_value><![CDATA[_hs_extra]]></wp:meta_value>
  </wp:postmeta>
  <wp:postmeta>
    <wp:meta_key>sharing_disabled</wp:meta_key>
    <wp:meta_value><![CDATA[a:1:{i:0;N;}]]></wp:meta_value>
  </wp:postmeta>
  <wp:postmeta>
    <wp:meta_key>switch_like_status</wp:meta_key>
    <wp:meta_value><![CDATA[a:1:{i:0;N;}]]></wp:meta_value>
  </wp:postmeta>
  <wp:postmeta>
    <wp:meta_key>_starter_page_template</wp:meta_key>
    <wp:meta_value><![CDATA[]]></wp:meta_value>
  </wp:postmeta>
  <wp:postmeta>
    <wp:meta_key>_hs_old_id</wp:meta_key>
    <wp:meta_value><![CDATA[23]]></wp:meta_value>
  </wp:postmeta>
  <wp:postmeta>
    <wp:meta_key>_wpas_skip_all_services</wp:meta_key>
    <wp:meta_value><![CDATA[1]]></wp:meta_value>
  </wp:postmeta>
  <wp:postmeta>
    <wp:meta_key>_publicize_pending</wp:meta_key>
    <wp:meta_value><![CDATA[1]]></wp:meta_value>
  </wp:postmeta>
  <wp:postmeta>
    <wp:meta_key>_checklist_post_type</wp:meta_key>
    <wp:meta_value><![CDATA[_hs_extra]]></wp:meta_value>
  </wp:postmeta>
  <wp:postmeta>
    <wp:meta_key>_elasticsearch_data_sharing_indexed_on</wp:meta_key>
    <wp:meta_value><![CDATA[2024-10-31 00:59:00]]></wp:meta_value>
  </wp:postmeta>
</item>
<item>
  <title><![CDATA[Blog]]></title>
  <link>https://ecom-freely-dark-taco.wordpress.com/blog/</link>
  <pubDate>Thu, 31 Oct 2024 00:53:49 +0000</pubDate>
  <dc:creator>mefirstrose</dc:creator>
  <guid isPermaLink="false">https://ecom-freely-dark-taco.wordpress.com/blog/</guid>
  <description/>
  <content:encoded><![CDATA[<!-- wp:group {"align":"full","style":{"spacing":{"margin":{"top":"0px","bottom":"0px"}}},"layout":{"inherit":true,"type":"constrained"}} -->
<div class="wp-block-group alignfull" style="margin-top:0px;margin-bottom:0px"><!-- wp:query {"queryId":1,"query":{"pages":0,"offset":0,"postType":"post","order":"desc","orderBy":"date","author":"","search":"","exclude":[],"sticky":"","inherit":false,"perPage":3},"displayLayout":{"type":"list"},"align":"wide","layout":{"inherit":true}} -->
<div class="wp-block-query alignwide"><!-- wp:post-template {"align":"wide"} -->
<!-- wp:post-title {"isLink":true,"align":"wide","fontSize":"var(u002du002dwpu002du002dcustomu002du002dtypographyu002du002dfont-sizeu002du002dhuge, clamp(2.25rem, 4vw, 2.75rem))"} /-->

<!-- wp:post-featured-image {"isLink":true,"align":"wide","style":{"spacing":{"margin":{"top":"calc(1.75 * var(u002du002dwpu002du002dstyleu002du002dblock-gap))"}}}} /-->

<!-- wp:columns {"align":"wide","style":{"spacing":{"margin":{"bottom":"var(u002du002dwpu002du002dcustomu002du002dspacingu002du002dsmall, 6rem)"}}}} -->
<div class="wp-block-columns alignwide" style="margin-bottom:var(--wp--custom--spacing--small, 6rem)"><!-- wp:column {"width":"650px"} -->
<div class="wp-block-column" style="flex-basis:650px"><!-- wp:post-excerpt /-->

<!-- wp:post-date {"format":"F j, Y","isLink":true,"style":{"typography":{"fontStyle":"italic","fontWeight":"400"}},"fontSize":"small"} /--></div>
<!-- /wp:column -->

<!-- wp:column {"width":""} -->
<div class="wp-block-column"></div>
<!-- /wp:column --></div>
<!-- /wp:columns -->

<!-- wp:spacer {"height":"3px"} -->
<div style="height:3px" aria-hidden="true" class="wp-block-spacer"></div>
<!-- /wp:spacer -->

<!-- wp:separator {"opacity":"css","align":"wide","className":"is-style-wide"} -->
<hr class="wp-block-separator alignwide has-css-opacity is-style-wide" />
<!-- /wp:separator -->
<!-- /wp:post-template -->

<!-- wp:query-pagination {"paginationArrow":"arrow","align":"wide","layout":{"type":"flex","justifyContent":"space-between"}} -->
<!-- wp:query-pagination-previous {"fontSize":"small"} /-->

<!-- wp:query-pagination-numbers /-->

<!-- wp:query-pagination-next {"fontSize":"small"} /-->
<!-- /wp:query-pagination --></div>
<!-- /wp:query --></div>
<!-- /wp:group -->]]></content:encoded>
  <excerpt:encoded><![CDATA[]]></excerpt:encoded>
  <wp:post_id>15</wp:post_id>
  <wp:post_date>2024-10-31 01:53:49</wp:post_date>
  <wp:post_date_gmt>2024-10-31 00:53:49</wp:post_date_gmt>
  <wp:post_modified>2024-10-31 01:53:49</wp:post_modified>
  <wp:post_modified_gmt>2024-10-31 00:53:49</wp:post_modified_gmt>
  <wp:comment_status>closed</wp:comment_status>
  <wp:ping_status>closed</wp:ping_status>
  <wp:post_name>blog</wp:post_name>
  <wp:status>publish</wp:status>
  <wp:post_parent>0</wp:post_parent>
  <wp:menu_order>0</wp:menu_order>
  <wp:post_type>page</wp:post_type>
  <wp:post_password/>
  <wp:is_sticky>0</wp:is_sticky>
  <wp:postmeta>
    <wp:meta_key>_headstart_post</wp:meta_key>
    <wp:meta_value><![CDATA[_hs_extra]]></wp:meta_value>
  </wp:postmeta>
  <wp:postmeta>
    <wp:meta_key>sharing_disabled</wp:meta_key>
    <wp:meta_value><![CDATA[a:1:{i:0;N;}]]></wp:meta_value>
  </wp:postmeta>
  <wp:postmeta>
    <wp:meta_key>switch_like_status</wp:meta_key>
    <wp:meta_value><![CDATA[a:1:{i:0;N;}]]></wp:meta_value>
  </wp:postmeta>
  <wp:postmeta>
    <wp:meta_key>_starter_page_template</wp:meta_key>
    <wp:meta_value><![CDATA[]]></wp:meta_value>
  </wp:postmeta>
  <wp:postmeta>
    <wp:meta_key>_hs_old_id</wp:meta_key>
    <wp:meta_value><![CDATA[6]]></wp:meta_value>
  </wp:postmeta>
  <wp:postmeta>
    <wp:meta_key>_wpas_skip_all_services</wp:meta_key>
    <wp:meta_value><![CDATA[1]]></wp:meta_value>
  </wp:postmeta>
  <wp:postmeta>
    <wp:meta_key>_publicize_pending</wp:meta_key>
    <wp:meta_value><![CDATA[1]]></wp:meta_value>
  </wp:postmeta>
  <wp:postmeta>
    <wp:meta_key>_checklist_post_type</wp:meta_key>
    <wp:meta_value><![CDATA[_hs_extra]]></wp:meta_value>
  </wp:postmeta>
  <wp:postmeta>
    <wp:meta_key>_elasticsearch_data_sharing_indexed_on</wp:meta_key>
    <wp:meta_value><![CDATA[2024-10-31 00:59:00]]></wp:meta_value>
  </wp:postmeta>
</item>
<item>
  <title><![CDATA[Refund and Returns Policy]]></title>
  <link>https://ecom-freely-dark-taco.wordpress.com/refund_returns/</link>
  <pubDate>Thu, 31 Oct 2024 00:53:48 +0000</pubDate>
  <dc:creator>mefirstrose</dc:creator>
  <guid isPermaLink="false">https://ecom-freely-dark-taco.wordpress.com/refund_returns/</guid>
  <description/>
  <content:encoded><![CDATA[<!-- wp:paragraph -->
<p><b>This is a sample page.</b></p>
<!-- /wp:paragraph -->

<!-- wp:paragraph -->
<p><h3>Overview</h3></p>
<!-- /wp:paragraph -->

<!-- wp:paragraph -->
<p>Our refund and returns policy lasts 30 days. If 30 days have passed since your purchase, we can’t offer you a full refund or exchange.</p>
<!-- /wp:paragraph -->

<!-- wp:paragraph -->
<p>To be eligible for a return, your item must be unused and in the same condition that you received it. It must also be in the original packaging.</p>
<!-- /wp:paragraph -->

<!-- wp:paragraph -->
<p>Several types of goods are exempt from being returned. Perishable goods such as food, flowers, newspapers or magazines cannot be returned. We also do not accept products that are intimate or sanitary goods, hazardous materials, or flammable liquids or gases.</p>
<!-- /wp:paragraph -->

<!-- wp:paragraph -->
<p>Additional non-returnable items:</p>
<!-- /wp:paragraph -->

<!-- wp:list -->
<ul><!-- wp:list-item -->
<li>Gift cards</li>
<!-- /wp:list-item -->

<!-- wp:list-item -->
<li>Downloadable software products</li>
<!-- /wp:list-item -->

<!-- wp:list-item -->
<li>Some health and personal care items</li>
<!-- /wp:list-item --></ul>
<!-- /wp:list -->

<!-- wp:paragraph -->
<p>To complete your return, we require a receipt or proof of purchase.</p>
<!-- /wp:paragraph -->

<!-- wp:paragraph -->
<p>Please do not send your purchase back to the manufacturer.</p>
<!-- /wp:paragraph -->

<!-- wp:paragraph -->
<p>There are certain situations where only partial refunds are granted:</p>
<!-- /wp:paragraph -->

<!-- wp:list -->
<ul><!-- wp:list-item -->
<li>Book with obvious signs of use</li>
<!-- /wp:list-item -->

<!-- wp:list-item -->
<li>CD, DVD, VHS tape, software, video game, cassette tape, or vinyl record that has been opened.</li>
<!-- /wp:list-item -->

<!-- wp:list-item -->
<li>Any item not in its original condition, is damaged or missing parts for reasons not due to our error.</li>
<!-- /wp:list-item -->

<!-- wp:list-item -->
<li>Any item that is returned more than 30 days after delivery</li>
<!-- /wp:list-item --></ul>
<!-- /wp:list -->

<!-- wp:paragraph -->
<p><h2>Refunds</h2></p>
<!-- /wp:paragraph -->

<!-- wp:paragraph -->
<p>Once your return is received and inspected, we will send you an email to notify you that we have received your returned item. We will also notify you of the approval or rejection of your refund.</p>
<!-- /wp:paragraph -->

<!-- wp:paragraph -->
<p>If you are approved, then your refund will be processed, and a credit will automatically be applied to your credit card or original method of payment, within a certain amount of days.</p>
<!-- /wp:paragraph -->

<!-- wp:paragraph -->
<p><b>Late or missing refunds</b></p>
<!-- /wp:paragraph -->

<!-- wp:paragraph -->
<p>If you haven’t received a refund yet, first check your bank account again.</p>
<!-- /wp:paragraph -->

<!-- wp:paragraph -->
<p>Then contact your credit card company, it may take some time before your refund is officially posted.</p>
<!-- /wp:paragraph -->

<!-- wp:paragraph -->
<p>Next contact your bank. There is often some processing time before a refund is posted.</p>
<!-- /wp:paragraph -->

<!-- wp:paragraph -->
<p>If you’ve done all of this and you still have not received your refund yet, please contact us at {email address}.</p>
<!-- /wp:paragraph -->

<!-- wp:paragraph -->
<p><b>Sale items</b></p>
<!-- /wp:paragraph -->

<!-- wp:paragraph -->
<p>Only regular priced items may be refunded. Sale items cannot be refunded.</p>
<!-- /wp:paragraph -->

<!-- wp:paragraph -->
<p><h2>Exchanges</h2></p>
<!-- /wp:paragraph -->

<!-- wp:paragraph -->
<p>We only replace items if they are defective or damaged. If you need to exchange it for the same item, send us an email at {email address} and send your item to: {physical address}.</p>
<!-- /wp:paragraph -->

<!-- wp:paragraph -->
<p><h2>Gifts</h2></p>
<!-- /wp:paragraph -->

<!-- wp:paragraph -->
<p>If the item was marked as a gift when purchased and shipped directly to you, you’ll receive a gift credit for the value of your return. Once the returned item is received, a gift certificate will be mailed to you.</p>
<!-- /wp:paragraph -->

<!-- wp:paragraph -->
<p>If the item wasn’t marked as a gift when purchased, or the gift giver had the order shipped to themselves to give to you later, we will send a refund to the gift giver and they will find out about your return.</p>
<!-- /wp:paragraph -->

<!-- wp:paragraph -->
<p><h2>Shipping returns</h2></p>
<!-- /wp:paragraph -->

<!-- wp:paragraph -->
<p>To return your product, you should mail your product to: {physical address}.</p>
<!-- /wp:paragraph -->

<!-- wp:paragraph -->
<p>You will be responsible for paying for your own shipping costs for returning your item. Shipping costs are non-refundable. If you receive a refund, the cost of return shipping will be deducted from your refund.</p>
<!-- /wp:paragraph -->

<!-- wp:paragraph -->
<p>Depending on where you live, the time it may take for your exchanged product to reach you may vary.</p>
<!-- /wp:paragraph -->

<!-- wp:paragraph -->
<p>If you are returning more expensive items, you may consider using a trackable shipping service or purchasing shipping insurance. We don’t guarantee that we will receive your returned item.</p>
<!-- /wp:paragraph -->

<!-- wp:paragraph -->
<p><h2>Need help?</h2></p>
<!-- /wp:paragraph -->

<!-- wp:paragraph -->
<p>Contact us at {email} for questions related to refunds and returns.</p>
<!-- /wp:paragraph -->]]></content:encoded>
  <excerpt:encoded><![CDATA[]]></excerpt:encoded>
  <wp:post_id>16</wp:post_id>
  <wp:post_date>2024-10-31 01:53:48</wp:post_date>
  <wp:post_date_gmt>2024-10-31 00:53:48</wp:post_date_gmt>
  <wp:post_modified>2024-10-31 01:53:48</wp:post_modified>
  <wp:post_modified_gmt>2024-10-31 00:53:48</wp:post_modified_gmt>
  <wp:comment_status>closed</wp:comment_status>
  <wp:ping_status>closed</wp:ping_status>
  <wp:post_name>refund_returns</wp:post_name>
  <wp:status>publish</wp:status>
  <wp:post_parent>0</wp:post_parent>
  <wp:menu_order>0</wp:menu_order>
  <wp:post_type>page</wp:post_type>
  <wp:post_password/>
  <wp:is_sticky>0</wp:is_sticky>
  <wp:postmeta>
    <wp:meta_key>_headstart_post</wp:meta_key>
    <wp:meta_value><![CDATA[_hs_extra]]></wp:meta_value>
  </wp:postmeta>
  <wp:postmeta>
    <wp:meta_key>sharing_disabled</wp:meta_key>
    <wp:meta_value><![CDATA[a:1:{i:0;N;}]]></wp:meta_value>
  </wp:postmeta>
  <wp:postmeta>
    <wp:meta_key>switch_like_status</wp:meta_key>
    <wp:meta_value><![CDATA[a:1:{i:0;N;}]]></wp:meta_value>
  </wp:postmeta>
  <wp:postmeta>
    <wp:meta_key>_starter_page_template</wp:meta_key>
    <wp:meta_value><![CDATA[]]></wp:meta_value>
  </wp:postmeta>
  <wp:postmeta>
    <wp:meta_key>_hs_old_id</wp:meta_key>
    <wp:meta_value><![CDATA[24]]></wp:meta_value>
  </wp:postmeta>
  <wp:postmeta>
    <wp:meta_key>_wpas_skip_all_services</wp:meta_key>
    <wp:meta_value><![CDATA[1]]></wp:meta_value>
  </wp:postmeta>
  <wp:postmeta>
    <wp:meta_key>_publicize_pending</wp:meta_key>
    <wp:meta_value><![CDATA[1]]></wp:meta_value>
  </wp:postmeta>
  <wp:postmeta>
    <wp:meta_key>_checklist_post_type</wp:meta_key>
    <wp:meta_value><![CDATA[_hs_extra]]></wp:meta_value>
  </wp:postmeta>
  <wp:postmeta>
    <wp:meta_key>_elasticsearch_data_sharing_indexed_on</wp:meta_key>
    <wp:meta_value><![CDATA[2024-10-31 00:59:01]]></wp:meta_value>
  </wp:postmeta>
</item>
<item>
  <title><![CDATA[Header navigation]]></title>
  <link>https://ecom-freely-dark-taco.wordpress.com/2024/10/31/header-navigation/</link>
  <pubDate>Thu, 31 Oct 2024 00:53:53 +0000</pubDate>
  <dc:creator>mefirstrose</dc:creator>
  <guid isPermaLink="false">https://ecom-freely-dark-taco.wordpress.com/2024/10/31/header-navigation/</guid>
  <description/>
  <content:encoded><![CDATA[<!-- wp:navigation-link {"label":"Shop","type":"page","id":11,"url":"https://ecom-freely-dark-taco.wordpress.com/shop/","kind":"post-type","isTopLevelLink":true} /-->

<!-- wp:navigation-link {"label":"Blog","type":"page","id":15,"url":"https://ecom-freely-dark-taco.wordpress.com/blog/","kind":"post-type","isTopLevelLink":true} /-->

<!-- wp:navigation-link {"label":"My account","type":"page","id":14,"url":"https://ecom-freely-dark-taco.wordpress.com/my-account/","kind":"post-type","isTopLevelLink":true} /-->]]></content:encoded>
  <excerpt:encoded><![CDATA[]]></excerpt:encoded>
  <wp:post_id>21</wp:post_id>
  <wp:post_date>2024-10-31 01:53:53</wp:post_date>
  <wp:post_date_gmt>2024-10-31 00:53:53</wp:post_date_gmt>
  <wp:post_modified>2024-10-31 01:53:53</wp:post_modified>
  <wp:post_modified_gmt>2024-10-31 00:53:53</wp:post_modified_gmt>
  <wp:comment_status>closed</wp:comment_status>
  <wp:ping_status>closed</wp:ping_status>
  <wp:post_name>header-navigation</wp:post_name>
  <wp:status>publish</wp:status>
  <wp:post_parent>0</wp:post_parent>
  <wp:menu_order>0</wp:menu_order>
  <wp:post_type>wp_navigation</wp:post_type>
  <wp:post_password/>
  <wp:is_sticky>0</wp:is_sticky>
  <wp:postmeta>
    <wp:meta_key>_headstart_post</wp:meta_key>
    <wp:meta_value><![CDATA[_hs_extra]]></wp:meta_value>
  </wp:postmeta>
  <wp:postmeta>
    <wp:meta_key>sharing_disabled</wp:meta_key>
    <wp:meta_value><![CDATA[a:1:{i:0;N;}]]></wp:meta_value>
  </wp:postmeta>
  <wp:postmeta>
    <wp:meta_key>switch_like_status</wp:meta_key>
    <wp:meta_value><![CDATA[a:1:{i:0;N;}]]></wp:meta_value>
  </wp:postmeta>
  <wp:postmeta>
    <wp:meta_key>_starter_page_template</wp:meta_key>
    <wp:meta_value><![CDATA[]]></wp:meta_value>
  </wp:postmeta>
  <wp:postmeta>
    <wp:meta_key>_hs_old_id</wp:meta_key>
    <wp:meta_value><![CDATA[45]]></wp:meta_value>
  </wp:postmeta>
  <wp:postmeta>
    <wp:meta_key>_wpas_skip_all_services</wp:meta_key>
    <wp:meta_value><![CDATA[1]]></wp:meta_value>
  </wp:postmeta>
  <wp:postmeta>
    <wp:meta_key>_publicize_pending</wp:meta_key>
    <wp:meta_value><![CDATA[1]]></wp:meta_value>
  </wp:postmeta>
</item>
<item>
  <title><![CDATA[Navigation]]></title>
  <link>https://ecom-freely-dark-taco.wordpress.com/2024/10/31/navigation/</link>
  <pubDate>Thu, 31 Oct 2024 00:53:52 +0000</pubDate>
  <dc:creator>mefirstrose</dc:creator>
  <guid isPermaLink="false">https://ecom-freely-dark-taco.wordpress.com/2024/10/31/navigation/</guid>
  <description/>
  <content:encoded><![CDATA[<!-- wp:navigation-link {"label":"FAQ","type":"page","id":9,"url":"https://ecom-freely-dark-taco.wordpress.com/faq/","kind":"post-type","isTopLevelLink":true} /-->

<!-- wp:navigation-link {"label":"Refund and Returns Policy","type":"page","id":16,"url":"https://ecom-freely-dark-taco.wordpress.com/refund_returns/","kind":"post-type","isTopLevelLink":true} /-->

<!-- wp:navigation-link {"label":"Contact us","type":"page","id":10,"url":"https://ecom-freely-dark-taco.wordpress.com/contact-us/","kind":"post-type","isTopLevelLink":true} /-->]]></content:encoded>
  <excerpt:encoded><![CDATA[]]></excerpt:encoded>
  <wp:post_id>22</wp:post_id>
  <wp:post_date>2024-10-31 01:53:52</wp:post_date>
  <wp:post_date_gmt>2024-10-31 00:53:52</wp:post_date_gmt>
  <wp:post_modified>2024-10-31 01:53:52</wp:post_modified>
  <wp:post_modified_gmt>2024-10-31 00:53:52</wp:post_modified_gmt>
  <wp:comment_status>closed</wp:comment_status>
  <wp:ping_status>closed</wp:ping_status>
  <wp:post_name>navigation</wp:post_name>
  <wp:status>publish</wp:status>
  <wp:post_parent>0</wp:post_parent>
  <wp:menu_order>0</wp:menu_order>
  <wp:post_type>wp_navigation</wp:post_type>
  <wp:post_password/>
  <wp:is_sticky>0</wp:is_sticky>
  <wp:postmeta>
    <wp:meta_key>_headstart_post</wp:meta_key>
    <wp:meta_value><![CDATA[_hs_extra]]></wp:meta_value>
  </wp:postmeta>
  <wp:postmeta>
    <wp:meta_key>sharing_disabled</wp:meta_key>
    <wp:meta_value><![CDATA[a:1:{i:0;N;}]]></wp:meta_value>
  </wp:postmeta>
  <wp:postmeta>
    <wp:meta_key>switch_like_status</wp:meta_key>
    <wp:meta_value><![CDATA[a:1:{i:0;N;}]]></wp:meta_value>
  </wp:postmeta>
  <wp:postmeta>
    <wp:meta_key>_starter_page_template</wp:meta_key>
    <wp:meta_value><![CDATA[]]></wp:meta_value>
  </wp:postmeta>
  <wp:postmeta>
    <wp:meta_key>_hs_old_id</wp:meta_key>
    <wp:meta_value><![CDATA[48]]></wp:meta_value>
  </wp:postmeta>
  <wp:postmeta>
    <wp:meta_key>_wpas_skip_all_services</wp:meta_key>
    <wp:meta_value><![CDATA[1]]></wp:meta_value>
  </wp:postmeta>
  <wp:postmeta>
    <wp:meta_key>_publicize_pending</wp:meta_key>
    <wp:meta_value><![CDATA[1]]></wp:meta_value>
  </wp:postmeta>
</item>
<item>
  <title><![CDATA[Placeholder Image]]></title>
  <link>https://ecom-freely-dark-taco.wordpress.com/?attachment_id=23</link>
  <pubDate>Thu, 31 Oct 2024 00:58:58 +0000</pubDate>
  <dc:creator>mefirstrose</dc:creator>
  <guid isPermaLink="false">http://ecom-freely-dark-taco.files.wordpress.com/2024/10/6dc67-product-4.png</guid>
  <description/>
  <content:encoded><![CDATA[]]></content:encoded>
  <excerpt:encoded><![CDATA[]]></excerpt:encoded>
  <wp:post_id>23</wp:post_id>
  <wp:post_date>2024-10-31 01:58:58</wp:post_date>
  <wp:post_date_gmt>2024-10-31 00:58:58</wp:post_date_gmt>
  <wp:post_modified>2024-10-31 01:58:58</wp:post_modified>
  <wp:post_modified_gmt>2024-10-31 00:58:58</wp:post_modified_gmt>
  <wp:comment_status>open</wp:comment_status>
  <wp:ping_status>closed</wp:ping_status>
  <wp:post_name>placeholder-image</wp:post_name>
  <wp:status>inherit</wp:status>
  <wp:post_parent>17</wp:post_parent>
  <wp:menu_order>0</wp:menu_order>
  <wp:post_type>attachment</wp:post_type>
  <wp:post_password/>
  <wp:is_sticky>0</wp:is_sticky>
  <wp:attachment_url>https://ecom-freely-dark-taco.wordpress.com/wp-content/uploads/2024/10/6dc67-product-4.png</wp:attachment_url>
  <wp:postmeta>
    <wp:meta_key>_wp_attached_file</wp:meta_key>
    <wp:meta_value><![CDATA[/home/wpcom/public_html/wp-content/blogs.dir/de6/238552801/files/2024/10/6dc67-product-4.png]]></wp:meta_value>
  </wp:postmeta>
  <wp:postmeta>
    <wp:meta_key>_wp_attachment_metadata</wp:meta_key>
    <wp:meta_value><![CDATA[a:6:{s:5:"width";i:600;s:6:"height";i:818;s:4:"file";s:92:"/home/wpcom/public_html/wp-content/blogs.dir/de6/238552801/files/2024/10/6dc67-product-4.png";s:8:"filesize";i:111925;s:5:"sizes";a:0:{}s:10:"image_meta";a:12:{s:8:"aperture";s:1:"0";s:6:"credit";s:0:"";s:6:"camera";s:0:"";s:7:"caption";s:0:"";s:17:"created_timestamp";s:1:"0";s:9:"copyright";s:0:"";s:12:"focal_length";s:1:"0";s:3:"iso";s:1:"0";s:13:"shutter_speed";s:1:"0";s:5:"title";s:0:"";s:11:"orientation";s:1:"0";s:8:"keywords";a:0:{}}}]]></wp:meta_value>
  </wp:postmeta>
</item>
<item>
  <title><![CDATA[Placeholder Image]]></title>
  <link>https://ecom-freely-dark-taco.wordpress.com/placeholder-image-2/</link>
  <pubDate>Thu, 31 Oct 2024 00:58:58 +0000</pubDate>
  <dc:creator>mefirstrose</dc:creator>
  <guid isPermaLink="false">http://ecom-freely-dark-taco.files.wordpress.com/2024/10/product-3.png</guid>
  <description/>
  <content:encoded><![CDATA[]]></content:encoded>
  <excerpt:encoded><![CDATA[]]></excerpt:encoded>
  <wp:post_id>24</wp:post_id>
  <wp:post_date>2024-10-31 01:58:58</wp:post_date>
  <wp:post_date_gmt>2024-10-31 00:58:58</wp:post_date_gmt>
  <wp:post_modified>2024-10-31 01:58:58</wp:post_modified>
  <wp:post_modified_gmt>2024-10-31 00:58:58</wp:post_modified_gmt>
  <wp:comment_status>open</wp:comment_status>
  <wp:ping_status>closed</wp:ping_status>
  <wp:post_name>placeholder-image-2</wp:post_name>
  <wp:status>inherit</wp:status>
  <wp:post_parent>0</wp:post_parent>
  <wp:menu_order>0</wp:menu_order>
  <wp:post_type>attachment</wp:post_type>
  <wp:post_password/>
  <wp:is_sticky>0</wp:is_sticky>
  <wp:attachment_url>https://ecom-freely-dark-taco.wordpress.com/wp-content/uploads/2024/10/product-3.png</wp:attachment_url>
  <wp:postmeta>
    <wp:meta_key>_wp_attached_file</wp:meta_key>
    <wp:meta_value><![CDATA[/home/wpcom/public_html/wp-content/blogs.dir/de6/238552801/files/2024/10/product-3.png]]></wp:meta_value>
  </wp:postmeta>
  <wp:postmeta>
    <wp:meta_key>_wp_attachment_metadata</wp:meta_key>
    <wp:meta_value><![CDATA[a:6:{s:5:"width";i:600;s:6:"height";i:818;s:4:"file";s:86:"/home/wpcom/public_html/wp-content/blogs.dir/de6/238552801/files/2024/10/product-3.png";s:8:"filesize";i:99982;s:5:"sizes";a:0:{}s:10:"image_meta";a:12:{s:8:"aperture";s:1:"0";s:6:"credit";s:0:"";s:6:"camera";s:0:"";s:7:"caption";s:0:"";s:17:"created_timestamp";s:1:"0";s:9:"copyright";s:0:"";s:12:"focal_length";s:1:"0";s:3:"iso";s:1:"0";s:13:"shutter_speed";s:1:"0";s:5:"title";s:0:"";s:11:"orientation";s:1:"0";s:8:"keywords";a:0:{}}}]]></wp:meta_value>
  </wp:postmeta>
</item>
<item>
  <title><![CDATA[Placeholder Image]]></title>
  <link>https://ecom-freely-dark-taco.wordpress.com/?attachment_id=25</link>
  <pubDate>Thu, 31 Oct 2024 00:58:58 +0000</pubDate>
  <dc:creator>mefirstrose</dc:creator>
  <guid isPermaLink="false">http://ecom-freely-dark-taco.files.wordpress.com/2024/10/507df-product-2.png</guid>
  <description/>
  <content:encoded><![CDATA[]]></content:encoded>
  <excerpt:encoded><![CDATA[]]></excerpt:encoded>
  <wp:post_id>25</wp:post_id>
  <wp:post_date>2024-10-31 01:58:58</wp:post_date>
  <wp:post_date_gmt>2024-10-31 00:58:58</wp:post_date_gmt>
  <wp:post_modified>2024-10-31 01:58:58</wp:post_modified>
  <wp:post_modified_gmt>2024-10-31 00:58:58</wp:post_modified_gmt>
  <wp:comment_status>open</wp:comment_status>
  <wp:ping_status>closed</wp:ping_status>
  <wp:post_name>placeholder-image-3</wp:post_name>
  <wp:status>inherit</wp:status>
  <wp:post_parent>18</wp:post_parent>
  <wp:menu_order>0</wp:menu_order>
  <wp:post_type>attachment</wp:post_type>
  <wp:post_password/>
  <wp:is_sticky>0</wp:is_sticky>
  <wp:attachment_url>https://ecom-freely-dark-taco.wordpress.com/wp-content/uploads/2024/10/507df-product-2.png</wp:attachment_url>
  <wp:postmeta>
    <wp:meta_key>_wp_attached_file</wp:meta_key>
    <wp:meta_value><![CDATA[/home/wpcom/public_html/wp-content/blogs.dir/de6/238552801/files/2024/10/507df-product-2.png]]></wp:meta_value>
  </wp:postmeta>
  <wp:postmeta>
    <wp:meta_key>_wp_attachment_metadata</wp:meta_key>
    <wp:meta_value><![CDATA[a:6:{s:5:"width";i:600;s:6:"height";i:818;s:4:"file";s:92:"/home/wpcom/public_html/wp-content/blogs.dir/de6/238552801/files/2024/10/507df-product-2.png";s:8:"filesize";i:72132;s:5:"sizes";a:0:{}s:10:"image_meta";a:12:{s:8:"aperture";s:1:"0";s:6:"credit";s:0:"";s:6:"camera";s:0:"";s:7:"caption";s:0:"";s:17:"created_timestamp";s:1:"0";s:9:"copyright";s:0:"";s:12:"focal_length";s:1:"0";s:3:"iso";s:1:"0";s:13:"shutter_speed";s:1:"0";s:5:"title";s:0:"";s:11:"orientation";s:1:"0";s:8:"keywords";a:0:{}}}]]></wp:meta_value>
  </wp:postmeta>
</item>
<item>
  <title><![CDATA[Placeholder Image]]></title>
  <link>https://ecom-freely-dark-taco.wordpress.com/placeholder-image-3/</link>
  <pubDate>Thu, 31 Oct 2024 00:58:58 +0000</pubDate>
  <dc:creator>mefirstrose</dc:creator>
  <guid isPermaLink="false">http://ecom-freely-dark-taco.files.wordpress.com/2024/10/2a22e-product-1.png</guid>
  <description/>
  <content:encoded><![CDATA[]]></content:encoded>
  <excerpt:encoded><![CDATA[]]></excerpt:encoded>
  <wp:post_id>26</wp:post_id>
  <wp:post_date>2024-10-31 01:58:58</wp:post_date>
  <wp:post_date_gmt>2024-10-31 00:58:58</wp:post_date_gmt>
  <wp:post_modified>2024-10-31 01:58:58</wp:post_modified>
  <wp:post_modified_gmt>2024-10-31 00:58:58</wp:post_modified_gmt>
  <wp:comment_status>open</wp:comment_status>
  <wp:ping_status>closed</wp:ping_status>
  <wp:post_name>placeholder-image-3</wp:post_name>
  <wp:status>inherit</wp:status>
  <wp:post_parent>0</wp:post_parent>
  <wp:menu_order>0</wp:menu_order>
  <wp:post_type>attachment</wp:post_type>
  <wp:post_password/>
  <wp:is_sticky>0</wp:is_sticky>
  <wp:attachment_url>https://ecom-freely-dark-taco.wordpress.com/wp-content/uploads/2024/10/2a22e-product-1.png</wp:attachment_url>
  <wp:postmeta>
    <wp:meta_key>_wp_attached_file</wp:meta_key>
    <wp:meta_value><![CDATA[/home/wpcom/public_html/wp-content/blogs.dir/de6/238552801/files/2024/10/2a22e-product-1.png]]></wp:meta_value>
  </wp:postmeta>
  <wp:postmeta>
    <wp:meta_key>_wp_attachment_metadata</wp:meta_key>
    <wp:meta_value><![CDATA[a:6:{s:5:"width";i:600;s:6:"height";i:818;s:4:"file";s:92:"/home/wpcom/public_html/wp-content/blogs.dir/de6/238552801/files/2024/10/2a22e-product-1.png";s:8:"filesize";i:88402;s:5:"sizes";a:0:{}s:10:"image_meta";a:12:{s:8:"aperture";s:1:"0";s:6:"credit";s:0:"";s:6:"camera";s:0:"";s:7:"caption";s:0:"";s:17:"created_timestamp";s:1:"0";s:9:"copyright";s:0:"";s:12:"focal_length";s:1:"0";s:3:"iso";s:1:"0";s:13:"shutter_speed";s:1:"0";s:5:"title";s:0:"";s:11:"orientation";s:1:"0";s:8:"keywords";a:0:{}}}]]></wp:meta_value>
  </wp:postmeta>
</item>
<item>
  <title><![CDATA[Placeholder Image]]></title>
  <link>https://ecom-freely-dark-taco.wordpress.com/?attachment_id=27</link>
  <pubDate>Thu, 31 Oct 2024 00:58:58 +0000</pubDate>
  <dc:creator>mefirstrose</dc:creator>
  <guid isPermaLink="false">http://ecom-freely-dark-taco.files.wordpress.com/2024/10/2a22e-product-1-1.png</guid>
  <description/>
  <content:encoded><![CDATA[]]></content:encoded>
  <excerpt:encoded><![CDATA[]]></excerpt:encoded>
  <wp:post_id>27</wp:post_id>
  <wp:post_date>2024-10-31 01:58:58</wp:post_date>
  <wp:post_date_gmt>2024-10-31 00:58:58</wp:post_date_gmt>
  <wp:post_modified>2024-10-31 01:58:58</wp:post_modified>
  <wp:post_modified_gmt>2024-10-31 00:58:58</wp:post_modified_gmt>
  <wp:comment_status>open</wp:comment_status>
  <wp:ping_status>closed</wp:ping_status>
  <wp:post_name>placeholder-image-4</wp:post_name>
  <wp:status>inherit</wp:status>
  <wp:post_parent>19</wp:post_parent>
  <wp:menu_order>0</wp:menu_order>
  <wp:post_type>attachment</wp:post_type>
  <wp:post_password/>
  <wp:is_sticky>0</wp:is_sticky>
  <wp:attachment_url>https://ecom-freely-dark-taco.wordpress.com/wp-content/uploads/2024/10/2a22e-product-1-1.png</wp:attachment_url>
  <wp:postmeta>
    <wp:meta_key>_wp_attached_file</wp:meta_key>
    <wp:meta_value><![CDATA[/home/wpcom/public_html/wp-content/blogs.dir/de6/238552801/files/2024/10/2a22e-product-1-1.png]]></wp:meta_value>
  </wp:postmeta>
  <wp:postmeta>
    <wp:meta_key>_wp_attachment_metadata</wp:meta_key>
    <wp:meta_value><![CDATA[a:6:{s:5:"width";i:600;s:6:"height";i:818;s:4:"file";s:94:"/home/wpcom/public_html/wp-content/blogs.dir/de6/238552801/files/2024/10/2a22e-product-1-1.png";s:8:"filesize";i:88402;s:5:"sizes";a:0:{}s:10:"image_meta";a:12:{s:8:"aperture";s:1:"0";s:6:"credit";s:0:"";s:6:"camera";s:0:"";s:7:"caption";s:0:"";s:17:"created_timestamp";s:1:"0";s:9:"copyright";s:0:"";s:12:"focal_length";s:1:"0";s:3:"iso";s:1:"0";s:13:"shutter_speed";s:1:"0";s:5:"title";s:0:"";s:11:"orientation";s:1:"0";s:8:"keywords";a:0:{}}}]]></wp:meta_value>
  </wp:postmeta>
</item>
<item>
  <title><![CDATA[Placeholder Image]]></title>
  <link>https://ecom-freely-dark-taco.wordpress.com/placeholder-image-5/</link>
  <pubDate>Thu, 31 Oct 2024 00:58:58 +0000</pubDate>
  <dc:creator>mefirstrose</dc:creator>
  <guid isPermaLink="false">http://ecom-freely-dark-taco.files.wordpress.com/2024/10/6dc67-product-4-1.png</guid>
  <description/>
  <content:encoded><![CDATA[]]></content:encoded>
  <excerpt:encoded><![CDATA[]]></excerpt:encoded>
  <wp:post_id>28</wp:post_id>
  <wp:post_date>2024-10-31 01:58:58</wp:post_date>
  <wp:post_date_gmt>2024-10-31 00:58:58</wp:post_date_gmt>
  <wp:post_modified>2024-10-31 01:58:58</wp:post_modified>
  <wp:post_modified_gmt>2024-10-31 00:58:58</wp:post_modified_gmt>
  <wp:comment_status>open</wp:comment_status>
  <wp:ping_status>closed</wp:ping_status>
  <wp:post_name>placeholder-image-5</wp:post_name>
  <wp:status>inherit</wp:status>
  <wp:post_parent>0</wp:post_parent>
  <wp:menu_order>0</wp:menu_order>
  <wp:post_type>attachment</wp:post_type>
  <wp:post_password/>
  <wp:is_sticky>0</wp:is_sticky>
  <wp:attachment_url>https://ecom-freely-dark-taco.wordpress.com/wp-content/uploads/2024/10/6dc67-product-4-1.png</wp:attachment_url>
  <wp:postmeta>
    <wp:meta_key>_wp_attached_file</wp:meta_key>
    <wp:meta_value><![CDATA[/home/wpcom/public_html/wp-content/blogs.dir/de6/238552801/files/2024/10/6dc67-product-4-1.png]]></wp:meta_value>
  </wp:postmeta>
  <wp:postmeta>
    <wp:meta_key>_wp_attachment_metadata</wp:meta_key>
    <wp:meta_value><![CDATA[a:6:{s:5:"width";i:600;s:6:"height";i:818;s:4:"file";s:94:"/home/wpcom/public_html/wp-content/blogs.dir/de6/238552801/files/2024/10/6dc67-product-4-1.png";s:8:"filesize";i:111925;s:5:"sizes";a:0:{}s:10:"image_meta";a:12:{s:8:"aperture";s:1:"0";s:6:"credit";s:0:"";s:6:"camera";s:0:"";s:7:"caption";s:0:"";s:17:"created_timestamp";s:1:"0";s:9:"copyright";s:0:"";s:12:"focal_length";s:1:"0";s:3:"iso";s:1:"0";s:13:"shutter_speed";s:1:"0";s:5:"title";s:0:"";s:11:"orientation";s:1:"0";s:8:"keywords";a:0:{}}}]]></wp:meta_value>
  </wp:postmeta>
</item>
<item>
  <title><![CDATA[Placeholder Image]]></title>
  <link>https://ecom-freely-dark-taco.wordpress.com/?attachment_id=29</link>
  <pubDate>Thu, 31 Oct 2024 00:58:58 +0000</pubDate>
  <dc:creator>mefirstrose</dc:creator>
  <guid isPermaLink="false">http://ecom-freely-dark-taco.files.wordpress.com/2024/10/product-3-1.png</guid>
  <description/>
  <content:encoded><![CDATA[]]></content:encoded>
  <excerpt:encoded><![CDATA[]]></excerpt:encoded>
  <wp:post_id>29</wp:post_id>
  <wp:post_date>2024-10-31 01:58:58</wp:post_date>
  <wp:post_date_gmt>2024-10-31 00:58:58</wp:post_date_gmt>
  <wp:post_modified>2024-10-31 01:58:58</wp:post_modified>
  <wp:post_modified_gmt>2024-10-31 00:58:58</wp:post_modified_gmt>
  <wp:comment_status>open</wp:comment_status>
  <wp:ping_status>closed</wp:ping_status>
  <wp:post_name>placeholder-image-6</wp:post_name>
  <wp:status>inherit</wp:status>
  <wp:post_parent>20</wp:post_parent>
  <wp:menu_order>0</wp:menu_order>
  <wp:post_type>attachment</wp:post_type>
  <wp:post_password/>
  <wp:is_sticky>0</wp:is_sticky>
  <wp:attachment_url>https://ecom-freely-dark-taco.wordpress.com/wp-content/uploads/2024/10/product-3-1.png</wp:attachment_url>
  <wp:postmeta>
    <wp:meta_key>_wp_attached_file</wp:meta_key>
    <wp:meta_value><![CDATA[/home/wpcom/public_html/wp-content/blogs.dir/de6/238552801/files/2024/10/product-3-1.png]]></wp:meta_value>
  </wp:postmeta>
  <wp:postmeta>
    <wp:meta_key>_wp_attachment_metadata</wp:meta_key>
    <wp:meta_value><![CDATA[a:6:{s:5:"width";i:600;s:6:"height";i:818;s:4:"file";s:88:"/home/wpcom/public_html/wp-content/blogs.dir/de6/238552801/files/2024/10/product-3-1.png";s:8:"filesize";i:99982;s:5:"sizes";a:0:{}s:10:"image_meta";a:12:{s:8:"aperture";s:1:"0";s:6:"credit";s:0:"";s:6:"camera";s:0:"";s:7:"caption";s:0:"";s:17:"created_timestamp";s:1:"0";s:9:"copyright";s:0:"";s:12:"focal_length";s:1:"0";s:3:"iso";s:1:"0";s:13:"shutter_speed";s:1:"0";s:5:"title";s:0:"";s:11:"orientation";s:1:"0";s:8:"keywords";a:0:{}}}]]></wp:meta_value>
  </wp:postmeta>
</item>
<item>
  <title><![CDATA[Placeholder Image]]></title>
  <link>https://ecom-freely-dark-taco.wordpress.com/placeholder-image-7/</link>
  <pubDate>Thu, 31 Oct 2024 00:58:58 +0000</pubDate>
  <dc:creator>mefirstrose</dc:creator>
  <guid isPermaLink="false">http://ecom-freely-dark-taco.files.wordpress.com/2024/10/507df-product-2-1.png</guid>
  <description/>
  <content:encoded><![CDATA[]]></content:encoded>
  <excerpt:encoded><![CDATA[]]></excerpt:encoded>
  <wp:post_id>30</wp:post_id>
  <wp:post_date>2024-10-31 01:58:58</wp:post_date>
  <wp:post_date_gmt>2024-10-31 00:58:58</wp:post_date_gmt>
  <wp:post_modified>2024-10-31 01:58:58</wp:post_modified>
  <wp:post_modified_gmt>2024-10-31 00:58:58</wp:post_modified_gmt>
  <wp:comment_status>open</wp:comment_status>
  <wp:ping_status>closed</wp:ping_status>
  <wp:post_name>placeholder-image-7</wp:post_name>
  <wp:status>inherit</wp:status>
  <wp:post_parent>0</wp:post_parent>
  <wp:menu_order>0</wp:menu_order>
  <wp:post_type>attachment</wp:post_type>
  <wp:post_password/>
  <wp:is_sticky>0</wp:is_sticky>
  <wp:attachment_url>https://ecom-freely-dark-taco.wordpress.com/wp-content/uploads/2024/10/507df-product-2-1.png</wp:attachment_url>
  <wp:postmeta>
    <wp:meta_key>_wp_attached_file</wp:meta_key>
    <wp:meta_value><![CDATA[/home/wpcom/public_html/wp-content/blogs.dir/de6/238552801/files/2024/10/507df-product-2-1.png]]></wp:meta_value>
  </wp:postmeta>
  <wp:postmeta>
    <wp:meta_key>_wp_attachment_metadata</wp:meta_key>
    <wp:meta_value><![CDATA[a:6:{s:5:"width";i:600;s:6:"height";i:818;s:4:"file";s:94:"/home/wpcom/public_html/wp-content/blogs.dir/de6/238552801/files/2024/10/507df-product-2-1.png";s:8:"filesize";i:72132;s:5:"sizes";a:0:{}s:10:"image_meta";a:12:{s:8:"aperture";s:1:"0";s:6:"credit";s:0:"";s:6:"camera";s:0:"";s:7:"caption";s:0:"";s:17:"created_timestamp";s:1:"0";s:9:"copyright";s:0:"";s:12:"focal_length";s:1:"0";s:3:"iso";s:1:"0";s:13:"shutter_speed";s:1:"0";s:5:"title";s:0:"";s:11:"orientation";s:1:"0";s:8:"keywords";a:0:{}}}]]></wp:meta_value>
  </wp:postmeta>
</item>
<item>
  <title><![CDATA[Placeholder Image]]></title>
  <link>https://ecom-freely-dark-taco.wordpress.com/placeholder-image-8/</link>
  <pubDate>Thu, 31 Oct 2024 00:58:58 +0000</pubDate>
  <dc:creator>mefirstrose</dc:creator>
  <guid isPermaLink="false">http://ecom-freely-dark-taco.files.wordpress.com/2024/10/christina-moroz-hcirxwd9k6c-unsplash.jpg</guid>
  <description/>
  <content:encoded><![CDATA[]]></content:encoded>
  <excerpt:encoded><![CDATA[]]></excerpt:encoded>
  <wp:post_id>31</wp:post_id>
  <wp:post_date>2024-10-31 01:58:58</wp:post_date>
  <wp:post_date_gmt>2024-10-31 00:58:58</wp:post_date_gmt>
  <wp:post_modified>2024-10-31 01:58:58</wp:post_modified>
  <wp:post_modified_gmt>2024-10-31 00:58:58</wp:post_modified_gmt>
  <wp:comment_status>open</wp:comment_status>
  <wp:ping_status>closed</wp:ping_status>
  <wp:post_name>placeholder-image-8</wp:post_name>
  <wp:status>inherit</wp:status>
  <wp:post_parent>0</wp:post_parent>
  <wp:menu_order>0</wp:menu_order>
  <wp:post_type>attachment</wp:post_type>
  <wp:post_password/>
  <wp:is_sticky>0</wp:is_sticky>
  <wp:attachment_url>https://ecom-freely-dark-taco.wordpress.com/wp-content/uploads/2024/10/christina-moroz-hcirxwd9k6c-unsplash.jpg</wp:attachment_url>
  <wp:postmeta>
    <wp:meta_key>_wp_attached_file</wp:meta_key>
    <wp:meta_value><![CDATA[/home/wpcom/public_html/wp-content/blogs.dir/de6/238552801/files/2024/10/christina-moroz-hcirxwd9k6c-unsplash.jpg]]></wp:meta_value>
  </wp:postmeta>
  <wp:postmeta>
    <wp:meta_key>_wp_attachment_metadata</wp:meta_key>
    <wp:meta_value><![CDATA[a:6:{s:5:"width";i:800;s:6:"height";i:1199;s:4:"file";s:113:"/home/wpcom/public_html/wp-content/blogs.dir/de6/238552801/files/2024/10/christina-moroz-hcirxwd9k6c-unsplash.jpg";s:8:"filesize";i:59148;s:5:"sizes";a:0:{}s:10:"image_meta";a:12:{s:8:"aperture";s:1:"0";s:6:"credit";s:0:"";s:6:"camera";s:0:"";s:7:"caption";s:0:"";s:17:"created_timestamp";s:1:"0";s:9:"copyright";s:0:"";s:12:"focal_length";s:1:"0";s:3:"iso";s:1:"0";s:13:"shutter_speed";s:1:"0";s:5:"title";s:0:"";s:11:"orientation";s:1:"0";s:8:"keywords";a:0:{}}}]]></wp:meta_value>
  </wp:postmeta>
</item>
<item>
  <title><![CDATA[Placeholder Image]]></title>
  <link>https://ecom-freely-dark-taco.wordpress.com/placeholder-image-9/</link>
  <pubDate>Thu, 31 Oct 2024 00:58:58 +0000</pubDate>
  <dc:creator>mefirstrose</dc:creator>
  <guid isPermaLink="false">http://ecom-freely-dark-taco.files.wordpress.com/2024/10/christina-moroz-eq_1nav_xry-unsplash.jpg</guid>
  <description/>
  <content:encoded><![CDATA[]]></content:encoded>
  <excerpt:encoded><![CDATA[]]></excerpt:encoded>
  <wp:post_id>32</wp:post_id>
  <wp:post_date>2024-10-31 01:58:58</wp:post_date>
  <wp:post_date_gmt>2024-10-31 00:58:58</wp:post_date_gmt>
  <wp:post_modified>2024-10-31 01:58:58</wp:post_modified>
  <wp:post_modified_gmt>2024-10-31 00:58:58</wp:post_modified_gmt>
  <wp:comment_status>open</wp:comment_status>
  <wp:ping_status>closed</wp:ping_status>
  <wp:post_name>placeholder-image-9</wp:post_name>
  <wp:status>inherit</wp:status>
  <wp:post_parent>0</wp:post_parent>
  <wp:menu_order>0</wp:menu_order>
  <wp:post_type>attachment</wp:post_type>
  <wp:post_password/>
  <wp:is_sticky>0</wp:is_sticky>
  <wp:attachment_url>https://ecom-freely-dark-taco.wordpress.com/wp-content/uploads/2024/10/christina-moroz-eq_1nav_xry-unsplash.jpg</wp:attachment_url>
  <wp:postmeta>
    <wp:meta_key>_wp_attached_file</wp:meta_key>
    <wp:meta_value><![CDATA[/home/wpcom/public_html/wp-content/blogs.dir/de6/238552801/files/2024/10/christina-moroz-eq_1nav_xry-unsplash.jpg]]></wp:meta_value>
  </wp:postmeta>
  <wp:postmeta>
    <wp:meta_key>_wp_attachment_metadata</wp:meta_key>
    <wp:meta_value><![CDATA[a:6:{s:5:"width";i:800;s:6:"height";i:1199;s:4:"file";s:113:"/home/wpcom/public_html/wp-content/blogs.dir/de6/238552801/files/2024/10/christina-moroz-eq_1nav_xry-unsplash.jpg";s:8:"filesize";i:71819;s:5:"sizes";a:0:{}s:10:"image_meta";a:12:{s:8:"aperture";s:1:"0";s:6:"credit";s:0:"";s:6:"camera";s:0:"";s:7:"caption";s:0:"";s:17:"created_timestamp";s:1:"0";s:9:"copyright";s:0:"";s:12:"focal_length";s:1:"0";s:3:"iso";s:1:"0";s:13:"shutter_speed";s:1:"0";s:5:"title";s:0:"";s:11:"orientation";s:1:"0";s:8:"keywords";a:0:{}}}]]></wp:meta_value>
  </wp:postmeta>
</item>
<item>
  <title><![CDATA[Placeholder Image]]></title>
  <link>https://ecom-freely-dark-taco.wordpress.com/placeholder-image-10/</link>
  <pubDate>Thu, 31 Oct 2024 00:58:59 +0000</pubDate>
  <dc:creator>mefirstrose</dc:creator>
  <guid isPermaLink="false">http://ecom-freely-dark-taco.files.wordpress.com/2024/10/woocommerce-placeholder.png</guid>
  <description/>
  <content:encoded><![CDATA[]]></content:encoded>
  <excerpt:encoded><![CDATA[]]></excerpt:encoded>
  <wp:post_id>33</wp:post_id>
  <wp:post_date>2024-10-31 01:58:59</wp:post_date>
  <wp:post_date_gmt>2024-10-31 00:58:59</wp:post_date_gmt>
  <wp:post_modified>2024-10-31 01:58:59</wp:post_modified>
  <wp:post_modified_gmt>2024-10-31 00:58:59</wp:post_modified_gmt>
  <wp:comment_status>open</wp:comment_status>
  <wp:ping_status>closed</wp:ping_status>
  <wp:post_name>placeholder-image-10</wp:post_name>
  <wp:status>inherit</wp:status>
  <wp:post_parent>0</wp:post_parent>
  <wp:menu_order>0</wp:menu_order>
  <wp:post_type>attachment</wp:post_type>
  <wp:post_password/>
  <wp:is_sticky>0</wp:is_sticky>
  <wp:attachment_url>https://ecom-freely-dark-taco.wordpress.com/wp-content/uploads/2024/10/woocommerce-placeholder.png</wp:attachment_url>
  <wp:postmeta>
    <wp:meta_key>_wp_attached_file</wp:meta_key>
    <wp:meta_value><![CDATA[/home/wpcom/public_html/wp-content/blogs.dir/de6/238552801/files/2024/10/woocommerce-placeholder.png]]></wp:meta_value>
  </wp:postmeta>
  <wp:postmeta>
    <wp:meta_key>_wp_attachment_metadata</wp:meta_key>
    <wp:meta_value><![CDATA[a:6:{s:5:"width";i:800;s:6:"height";i:800;s:4:"file";s:100:"/home/wpcom/public_html/wp-content/blogs.dir/de6/238552801/files/2024/10/woocommerce-placeholder.png";s:8:"filesize";i:35079;s:5:"sizes";a:0:{}s:10:"image_meta";a:12:{s:8:"aperture";s:1:"0";s:6:"credit";s:0:"";s:6:"camera";s:0:"";s:7:"caption";s:0:"";s:17:"created_timestamp";s:1:"0";s:9:"copyright";s:0:"";s:12:"focal_length";s:1:"0";s:3:"iso";s:1:"0";s:13:"shutter_speed";s:1:"0";s:5:"title";s:0:"";s:11:"orientation";s:1:"0";s:8:"keywords";a:0:{}}}]]></wp:meta_value>
  </wp:postmeta>
</item>
<item>
  <title><![CDATA[Placeholder Image]]></title>
  <link>https://ecom-freely-dark-taco.wordpress.com/placeholder-image-11/</link>
  <pubDate>Thu, 31 Oct 2024 00:58:59 +0000</pubDate>
  <dc:creator>mefirstrose</dc:creator>
  <guid isPermaLink="false">http://ecom-freely-dark-taco.files.wordpress.com/2024/10/c8d9d-product-3.png</guid>
  <description/>
  <content:encoded><![CDATA[]]></content:encoded>
  <excerpt:encoded><![CDATA[]]></excerpt:encoded>
  <wp:post_id>34</wp:post_id>
  <wp:post_date>2024-10-31 01:58:59</wp:post_date>
  <wp:post_date_gmt>2024-10-31 00:58:59</wp:post_date_gmt>
  <wp:post_modified>2024-10-31 01:58:59</wp:post_modified>
  <wp:post_modified_gmt>2024-10-31 00:58:59</wp:post_modified_gmt>
  <wp:comment_status>open</wp:comment_status>
  <wp:ping_status>closed</wp:ping_status>
  <wp:post_name>placeholder-image-11</wp:post_name>
  <wp:status>inherit</wp:status>
  <wp:post_parent>0</wp:post_parent>
  <wp:menu_order>0</wp:menu_order>
  <wp:post_type>attachment</wp:post_type>
  <wp:post_password/>
  <wp:is_sticky>0</wp:is_sticky>
  <wp:attachment_url>https://ecom-freely-dark-taco.wordpress.com/wp-content/uploads/2024/10/c8d9d-product-3.png</wp:attachment_url>
  <wp:postmeta>
    <wp:meta_key>_wp_attached_file</wp:meta_key>
    <wp:meta_value><![CDATA[/home/wpcom/public_html/wp-content/blogs.dir/de6/238552801/files/2024/10/c8d9d-product-3.png]]></wp:meta_value>
  </wp:postmeta>
  <wp:postmeta>
    <wp:meta_key>_wp_attachment_metadata</wp:meta_key>
    <wp:meta_value><![CDATA[a:6:{s:5:"width";i:600;s:6:"height";i:818;s:4:"file";s:92:"/home/wpcom/public_html/wp-content/blogs.dir/de6/238552801/files/2024/10/c8d9d-product-3.png";s:8:"filesize";i:99982;s:5:"sizes";a:0:{}s:10:"image_meta";a:12:{s:8:"aperture";s:1:"0";s:6:"credit";s:0:"";s:6:"camera";s:0:"";s:7:"caption";s:0:"";s:17:"created_timestamp";s:1:"0";s:9:"copyright";s:0:"";s:12:"focal_length";s:1:"0";s:3:"iso";s:1:"0";s:13:"shutter_speed";s:1:"0";s:5:"title";s:0:"";s:11:"orientation";s:1:"0";s:8:"keywords";a:0:{}}}]]></wp:meta_value>
  </wp:postmeta>
</item>
<item>
  <title><![CDATA[Placeholder Image]]></title>
  <link>https://ecom-freely-dark-taco.wordpress.com/placeholder-image-12/</link>
  <pubDate>Thu, 31 Oct 2024 00:58:59 +0000</pubDate>
  <dc:creator>mefirstrose</dc:creator>
  <guid isPermaLink="false">http://ecom-freely-dark-taco.files.wordpress.com/2024/10/62a79-woocommerce-placeholder.png</guid>
  <description/>
  <content:encoded><![CDATA[]]></content:encoded>
  <excerpt:encoded><![CDATA[]]></excerpt:encoded>
  <wp:post_id>35</wp:post_id>
  <wp:post_date>2024-10-31 01:58:59</wp:post_date>
  <wp:post_date_gmt>2024-10-31 00:58:59</wp:post_date_gmt>
  <wp:post_modified>2024-10-31 01:58:59</wp:post_modified>
  <wp:post_modified_gmt>2024-10-31 00:58:59</wp:post_modified_gmt>
  <wp:comment_status>open</wp:comment_status>
  <wp:ping_status>closed</wp:ping_status>
  <wp:post_name>placeholder-image-12</wp:post_name>
  <wp:status>inherit</wp:status>
  <wp:post_parent>0</wp:post_parent>
  <wp:menu_order>0</wp:menu_order>
  <wp:post_type>attachment</wp:post_type>
  <wp:post_password/>
  <wp:is_sticky>0</wp:is_sticky>
  <wp:attachment_url>https://ecom-freely-dark-taco.wordpress.com/wp-content/uploads/2024/10/62a79-woocommerce-placeholder.png</wp:attachment_url>
  <wp:postmeta>
    <wp:meta_key>_wp_attached_file</wp:meta_key>
    <wp:meta_value><![CDATA[/home/wpcom/public_html/wp-content/blogs.dir/de6/238552801/files/2024/10/62a79-woocommerce-placeholder.png]]></wp:meta_value>
  </wp:postmeta>
  <wp:postmeta>
    <wp:meta_key>_wp_attachment_metadata</wp:meta_key>
    <wp:meta_value><![CDATA[a:6:{s:5:"width";i:800;s:6:"height";i:800;s:4:"file";s:106:"/home/wpcom/public_html/wp-content/blogs.dir/de6/238552801/files/2024/10/62a79-woocommerce-placeholder.png";s:8:"filesize";i:35079;s:5:"sizes";a:0:{}s:10:"image_meta";a:12:{s:8:"aperture";s:1:"0";s:6:"credit";s:0:"";s:6:"camera";s:0:"";s:7:"caption";s:0:"";s:17:"created_timestamp";s:1:"0";s:9:"copyright";s:0:"";s:12:"focal_length";s:1:"0";s:3:"iso";s:1:"0";s:13:"shutter_speed";s:1:"0";s:5:"title";s:0:"";s:11:"orientation";s:1:"0";s:8:"keywords";a:0:{}}}]]></wp:meta_value>
  </wp:postmeta>
</item>
<item>
  <title><![CDATA[Custom Styles]]></title>
  <link>https://ecom-freely-dark-taco.wordpress.com/2025/01/01/wp-global-styles-premium%2ftsubaki/</link>
  <pubDate>Wed, 01 Jan 2025 14:17:26 +0000</pubDate>
  <dc:creator>mefirstrose</dc:creator>
  <guid isPermaLink="false">https://ecom-freely-dark-taco.wordpress.com/2025/01/01/wp-global-styles-premium%2ftsubaki/</guid>
  <description/>
  <content:encoded><![CDATA[{"version":3,"isGlobalStylesUserThemeJSON":true}]]></content:encoded>
  <excerpt:encoded><![CDATA[]]></excerpt:encoded>
  <wp:post_id>36</wp:post_id>
  <wp:post_date>2025-01-01 15:17:26</wp:post_date>
  <wp:post_date_gmt>2025-01-01 14:17:26</wp:post_date_gmt>
  <wp:post_modified>2025-01-01 15:17:26</wp:post_modified>
  <wp:post_modified_gmt>2025-01-01 14:17:26</wp:post_modified_gmt>
  <wp:comment_status>closed</wp:comment_status>
  <wp:ping_status>closed</wp:ping_status>
  <wp:post_name>wp-global-styles-premium%2ftsubaki</wp:post_name>
  <wp:status>publish</wp:status>
  <wp:post_parent>0</wp:post_parent>
  <wp:menu_order>0</wp:menu_order>
  <wp:post_type>wp_global_styles</wp:post_type>
  <wp:post_password/>
  <wp:is_sticky>0</wp:is_sticky>
  <category domain="wp_theme" nicename="tsubaki"><![CDATA[tsubaki]]></category>
  <wp:postmeta>
    <wp:meta_key>_publicize_pending</wp:meta_key>
    <wp:meta_value><![CDATA[1]]></wp:meta_value>
  </wp:postmeta>
</item>
  </channel>
</rss>
